Full Name,Team Number,Match ID,Crossed Auto Line?,Auto Installed in the Exchange?,Successful Auto Switch Installs,Failed Auto Switch Installs,Successful Auto Scale Installs,Failed Auto Scale Installs,Collects Cubes From,Succcessful Switch Installs,Failed Switch Installs,Successful Scale Installs,Failed Scale Installs,Successful Exchange Installs,Failed Exchange Installs,Drove on the Platform,Climbing,Let other robots climb on it,Tech Foul?,Defense comments,Comments,Submitted At,Token
注 专 专,1574,QM 12,TRUE,FALSE,1,0,0,0,"Pyramid, Ground",1,1,3,1,0,0,TRUE,Failed,Failed,FALSE, ,,2018-03-05 13:17:59,7f4465b02ceaf9551de5201c1bde7921
注 转,1574,QM 29,TRUE,FALSE,1,0,0,0,"Ground, Pyramid",0,0,3,0,6,0,TRUE,Successful,Didn't Try,FALSE,,专  ,2018-03-05 16:10:17,45b1af8c573eaaa16d2ded4b62740e2e
Stav Eyal,1574,QM15,TRUE,FALSE,0,1,0,0,"Ground, Pyramid",1,0,4,1,0,0,TRUE,Failed,Didn't Try,FALSE,,,2018-03-05 14:09:04,45f86e2b9db1b3c243df5aa1ee903a59
Saar Zelevski ,1574,QM21,TRUE,FALSE,1,0,0,0,"Ground, Pyramid",0,0,0,0,8,8,TRUE,Failed,Didn't Try,FALSE,,,2018-03-05 14:43:16,4efbd4a111df4799e28c0071957fe8ce
专 爪专 ,1574,QM27,TRUE,FALSE,1,0,0,0,Ground,1,0,4,0,1,0,TRUE,Successful,Failed,FALSE, ,"驻 专 

驻转  驻住 住祝, 祝 专  驻住 ",2018-03-05 16:16:28,7568eedfb371dfc3d45fdba2e149e6a7
专 爪专,1574,QM6,TRUE,FALSE,0,0,0,1,Ground,0,0,5,1,0,0,TRUE,Successful,Failed,FALSE,注 专 专 注专  住抓' 砖,,2018-03-05 12:20:38,66228825ce9bb2f46a7917c3afa338eb
专 爪专,1574,QM6,TRUE,FALSE,0,0,0,1,Ground,0,0,5,1,0,0,TRUE,Successful,Failed,FALSE,注 专 专 注专  住抓' 砖,,2018-03-05 12:20:38,66228825ce9bb2f46a7917c3afa338eb
住专 住驻,1574,QM39,TRUE,FALSE,1,0,0,0,"Ground, Pyramid",0,0,3,0,3,0,TRUE,Failed,Didn't Try,FALSE,,,2018-03-06 6:47:25,3cc43d8eb241b96b0f5b11432b3bb045
Saar Zelevski ,1574,QM44,TRUE,FALSE,0,0,0,0,Ground,0,0,5,0,0,0,TRUE,Successful,Didn't Try,FALSE,,,2018-03-06 7:30:16,47264bf9372c037dc707a91e7ccd1558
注 专 专,1574,QM 49,TRUE,FALSE,1,0,0,0,"Ground, Pyramid",0,0,1,0,5,0,TRUE,Successful,Successful,FALSE, , 驻住 注!!!!,2018-03-06 8:15:38,7896b7f9b2d314b95ca95b06ae1669fd
 砖,1574,QM52,TRUE,FALSE,1,0,0,0,Ground,1,1,5,0,0,0,TRUE,Successful,Failed,FALSE,,"转拽 拽 住抓' 专
 住 驻住 注",2018-03-06 8:38:09,634071eae54caf71c27803184aca82ac
 砖专,1574,QM58,TRUE,FALSE,1,1,0,0,Ground,2,0,4,0,0,0,TRUE,Successful,Didn't Try,FALSE,祝 砖 专  转,,2018-03-06 9:28:30,4fa5b2727f4cecb45c11f59c453cb54e
专 爪专,1574,QM29,TRUE,FALSE,1,1,0,0,"Ground, Pyramid",4,1,2,0,3,1,TRUE,Failed,Didn't Try,FALSE, ,专  驻住 住驻拽,2018-03-06 10:25:28,46a1bdcafb8cd9c39420a3239005b305
住专 住驻,1574,QF1,TRUE,FALSE,1,0,0,0,"Ground, Pyramid, Portal",3,0,1,0,3,0,TRUE,Successful,Successful,FALSE,,! ,2018-03-06 12:22:26,fc931c901ede6010da1389f0a1cca506
住专 住驻,1574,QF5,TRUE,FALSE,1,1,0,0,"Ground, Pyramid",1,0,0,0,7,0,TRUE,Successful,Failed,FALSE,,,2018-03-06 12:56:32,aba7351d0d29a92a96e46e3206699d71
注 专 专,1576,Pm 4,FALSE,FALSE,0,0,0,0,Ground,0,0,0,0,0,0,FALSE,Didn't Try,Didn't Try,FALSE, ,专  ,2018-03-05 9:48:34,ed591b1f7c7e14b576c8704d3f01110b
 ,1576,Pm6,FALSE,FALSE,0,0,0,0,Ground,0,0,0,0,0,0,FALSE,Didn't Try,Didn't Try,FALSE,, 拽爪转 转转 砖拽  注砖转   驻住拽,2018-03-05 10:27:10,b61c7937bbf79903ebcd73efdd2513c3
专 爪专,1576,QM10,FALSE,FALSE,0,0,0,0,"Ground, Pyramid",0,0,0,0,3,0,FALSE,Didn't Try,Didn't Try,FALSE, ,"注砖 驻 专 
驻住拽  拽专转 endgame",2018-03-05 12:57:19,70999708c5ec71b3c60ab5dc142003c4
Stav Eyal,1576,QM17,TRUE,FALSE,0,0,0,0,Ground,0,0,0,0,0,0,TRUE,Didn't Try,Didn't Try,TRUE,,注 bull territory  砖,2018-03-05 14:25:32,c97634cece593c1475eb4b4bd8a1ecba
Saar Zelevski ,1576,QM2,FALSE,FALSE,0,0,0,0,Ground,0,0,0,0,0,0,FALSE,Didn't Try,Didn't Try,FALSE,,专 ,2018-03-05 11:28:51,1a673c12108d0a9e04dc350df9e52568
住专 住驻,1576,QM21,TRUE,FALSE,0,0,0,0,Ground,0,0,0,0,0,0,FALSE,Didn't Try,Didn't Try,FALSE,,  专 auto,2018-03-05 14:48:40,464f4db6df4760e77fb6234ba5c5489d
 砖,1576,QM25,TRUE,FALSE,0,0,0,0,Ground,0,1,0,0,0,0,FALSE,Didn't Try,Didn't Try,FALSE, ,"  专 砖拽
 住祝  拽注   转注 砖 专",2018-03-05 15:16:41,bf184a262d882bbd6a78393112ed761e
Saar Zelevski ,1576,QM31,TRUE,FALSE,0,0,0,0,Ground,0,0,0,0,0,0,FALSE,Didn't Try,Didn't Try,FALSE,,专   90,2018-03-05 16:26:53,919864de496c836507e1ddc8756d7a08
Saar Zelevski ,1576,QM36,TRUE,FALSE,0,0,0,0,"Ground, Pyramid",1,1,0,0,1,0,TRUE,Successful,Didn't Try,FALSE,,注,2018-03-05 17:13:34,bd6b7c90268960fea2ab48635bfc4954
专,1576,QM41,TRUE,FALSE,0,0,0,0,"Ground, Pyramid",0,0,0,0,3,0,TRUE,Failed,Didn't Try,FALSE,,转  拽,2018-03-06 7:04:12,eff23999781ab11a02637821bbf8708b
Stav Eyal,1576,QM50,TRUE,FALSE,0,0,0,0,Ground,0,0,0,0,0,0,FALSE,Didn't Try,Didn't Try,TRUE,,Touched an opponent robot in their platform in the end game,2018-03-06 8:27:42,6de2a63b05a19217ff02114b3ee5d05c
 ,1576,QM54,TRUE,FALSE,0,0,0,0,Ground,0,0,0,0,1,1,TRUE,Failed,Didn't Try,FALSE,,砖专  转转 砖拽  祝 拽转  专,2018-03-06 8:53:12,00afc8cef0e0ae4679c3bc3de993060b
Nir,1576,QM58,TRUE,FALSE,0,0,0,0,Ground,0,1,0,0,0,0,FALSE,Didn't Try,Didn't Try,FALSE,,,2018-03-06 9:26:22,ce6d7b25bdabc8c1d601fa2182915258
Stav Eyal,1577,PM3,FALSE,FALSE,0,0,0,0,Ground,0,0,0,0,0,0,FALSE,Didn't Try,Didn't Try,FALSE,,The robot fell down,2018-03-05 9:34:13,dab618a1170369cc3cade6e28e62212c
Saar Zelevski ,1577,PM6,FALSE,FALSE,0,0,0,0,"Ground, Pyramid",1,0,2,1,0,0,TRUE,Failed,Didn't Try,TRUE,,"注 驻,  拽 驻转  专驻,  转  拽 注专.",2018-03-05 10:27:42,add6bba3a80615900ec9fac7c7243dc5
注 转,1577,QM 14,FALSE,FALSE,0,0,0,0,Ground,3,0,4,1,0,0,TRUE,Didn't Try,Didn't Try,FALSE,,驻 拽 scale 砖 专转 砖,2018-03-05 13:39:54,58615749d4dc131769bd806aea60cbf7
注 转,1577,QM 31,TRUE,FALSE,1,0,0,0,Ground,1,0,4,0,0,0,TRUE,Successful,Failed,FALSE,,,2018-03-05 16:28:01,aa0dd3309aa8dd75cc2e060b4f6c18c9
Stav Eyal,1577,QM1,FALSE,FALSE,0,0,0,0,Ground,1,0,3,1,0,0,TRUE,Successful,Failed,FALSE,,转拽砖 转拽 注 拽 砖 砖 拽转 scales,2018-03-05 11:41:45,25a5462314537d49b1d92049d0c67983
 ,1577,QM18,FALSE,FALSE,0,0,0,0,Ground,1,0,6,1,0,0,TRUE,Failed,Didn't Try,FALSE,,驻专注  驻住 ,2018-03-05 14:15:54,94c345972dae74c1fbb9b0cb7c4a4ffe
Stav Eyal,1577,QM24,TRUE,FALSE,0,0,0,0,Ground,1,0,2,1,1,0,FALSE,Didn't Try,Didn't Try,TRUE,,注 转驻 cable protector,2018-03-05 15:24:35,bc11faa40b4d2400fe4a80eb038caf82
Stav Eyal,1577,QM24,TRUE,FALSE,0,0,0,0,Ground,1,0,2,1,1,0,TRUE,Failed,Didn't Try,TRUE,,注 转驻 cable protector,2018-03-05 15:33:16,ee05885acb56ada19f22b5673cefd105
住专 住驻,1577,QM7,FALSE,FALSE,0,0,0,0,"Ground, Pyramid",1,0,4,3,0,0,TRUE,Successful,Failed,FALSE,,"  .
 专",2018-03-05 12:27:26,44f4b1a0122ceba4dbe25ec7d434601d
 砖,1577,QM38,TRUE,FALSE,1,0,0,0,"Ground, Pyramid",0,0,5,3,0,0,TRUE,Successful,Didn't Try,FALSE, ,"专住
 住 砖 专 抓 住拽",2018-03-06 6:36:21,967744b395c0d05f3b082ae016d1ebc7
Saar Zelevski ,1577,QM43,TRUE,FALSE,0,0,0,1,Ground,0,0,4,2,0,0,TRUE,Successful,Successful,FALSE,,砖专 转 专砖 ,2018-03-06 7:21:58,2d1f9367c0dc1e84f3deb9ff0f497281
 砖,1577,QM51,TRUE,FALSE,1,0,0,0,Ground,0,0,7,0,0,0,FALSE,Didn't Try,Didn't Try,FALSE,,,2018-03-06 8:26:51,4144a48d2ec7326c73908bc943ac16ba
 ,1577,QM53,TRUE,FALSE,1,0,0,0,"Ground, Pyramid",1,0,3,1,3,0,TRUE,Successful,Failed,FALSE,,"转拽注 专, 驻转  砖驻砖专 驻住 注 专 ",2018-03-06 8:46:58,89f9e38bafdfc418af3203222cf78d12
 砖,1577,QF1,TRUE,FALSE,0,0,1,0,"Ground, Pyramid",3,0,3,0,3,0,TRUE,Successful,Didn't Try,FALSE, ,,2018-03-06 12:22:34,ed5dc9a03fd49b0a4114e0d364cdbece
 砖,1577,QF4,TRUE,FALSE,1,0,1,0,Ground,3,0,2,0,0,0,TRUE,Didn't Try,Didn't Try,FALSE,,转拽 拽 住抓' 专,2018-03-06 12:56:28,113d1bc2bb6366a10c97ce67bffd26e6
Saar Zelevski ,1657,PM4,TRUE,FALSE,1,0,0,0,"Ground, Pyramid",0,1,0,2,2,0,TRUE,Failed,Didn't Try,TRUE,,"转 转, 转转拽 注专转 驻住, 专 拽 拽  拽",2018-03-05 9:48:36,10f2e6da9f9916a2c2bf5dc657bcea97
 砖专,1657,QM16,TRUE,FALSE,0,0,0,0,"Ground, Pyramid",2,0,0,0,2,1,TRUE,Didn't Try,Didn't Try,FALSE,,,2018-03-05 13:59:01,daa3a9874930e99fcaf6f4b4f7253e67
住专 住驻,1657,QM20,FALSE,FALSE,0,1,0,0,"Ground, Pyramid",1,0,0,0,8,0,TRUE,Failed,Didn't Try,FALSE,,,2018-03-05 14:35:04,3fc7e07a94ecddda844d9a97754ed34a
 砖,1657,QM28,FALSE,FALSE,0,0,0,0,"Ground, Pyramid",5,0,1,0,0,0,TRUE,Didn't Try,Didn't Try,FALSE, 5 砖转,转拽 拽转 住抓' 专,2018-03-05 15:48:50,bf9931032aa8657c193fedf3fee74aea
Stav Eyal,1657,QM3,TRUE,FALSE,0,0,0,0,Pyramid,0,0,4,1,1,0,FALSE,Didn't Try,Didn't Try,TRUE,," 爪 爪 砖 砖 专砖
",2018-03-05 11:56:44,2f00681c66a21f3a2a2ff29e3f02fb1a
住专 住驻,1657,QM30,TRUE,FALSE,0,0,0,0,Pyramid,0,0,1,0,9,1,FALSE,Didn't Try,Didn't Try,FALSE,,,2018-03-05 16:17:35,0e5209f07fb4a8b30c2894594214de12
 砖,1657,QM35,TRUE,FALSE,1,0,0,0,Ground,3,0,1,1,0,0,FALSE,Didn't Try,Didn't Try,FALSE,,转拽 拽 住抓' 专,2018-03-05 17:02:43,9c126c44805808ba5b01c4a377a995bc
Dor Shenav,1657,QM6,TRUE,FALSE,0,1,0,0,"Ground, Pyramid",3,0,0,0,0,0,TRUE,Failed,Didn't Try,FALSE,,爪 拽转 拽住 住 驻住 注 砖,2018-03-05 12:17:53,e158916bf5073b999a1a630e98e9a78c
专 爪专,1657,QM43,TRUE,FALSE,0,0,0,1,Ground,1,0,1,0,0,0,TRUE,Successful,Didn't Try,FALSE,转驻住 专 ,砖   住驻拽,2018-03-06 7:28:50,e633273ddac564af2053a406307d0470
专,1657,QM47,TRUE,FALSE,1,0,0,0,Ground,1,0,0,0,6,1,TRUE,Didn't Try,Didn't Try,FALSE,,,2018-03-06 7:52:10,b21cbe102f038ac142ca912885a8f319
Stav Eyal,1657,QM53,TRUE,FALSE,0,0,0,0,Ground,1,0,0,0,0,0,FALSE,Didn't Try,Didn't Try,FALSE,,注转 转拽砖专转,2018-03-06 8:50:33,dd2667ab7a827b5e1cfe01157ed7dde3
Saar Zelevski ,1657,QM59,TRUE,FALSE,1,0,0,0,"Ground, Pyramid",0,0,1,3,0,0,TRUE,Didn't Try,Didn't Try,FALSE,,,2018-03-06 9:35:30,80a456a0575e4f021c979ae3374ae273
住专 住驻,1657,QF4,TRUE,FALSE,0,0,0,0,Ground,2,1,0,0,1,0,FALSE,Didn't Try,Didn't Try,FALSE,,,2018-03-06 12:47:12,de874e72ec8e3b871316f8a3ef1720ef
住专 住驻,1657,QF8,TRUE,FALSE,0,1,0,0,"Pyramid, Portal",5,0,0,0,0,0,TRUE,Didn't Try,Didn't Try,FALSE,,,2018-03-06 13:20:50,fe8717e8d648a7d5218188444935ee88
 砖,1690,PM5,FALSE,FALSE,0,0,0,0,Ground,0,0,0,0,0,0,FALSE,Didn't Try,Didn't Try,FALSE, , ,2018-03-05 10:08:19,86afecb77348df027a4784a2a67e3163
专 ,1690,QM33,TRUE,FALSE,1,0,0,0,Ground,2,0,2,0,0,0,TRUE,Failed,Failed,FALSE,,注 驻住 住祝  专 ,2018-03-05 16:48:24,0579fff7113fdca559acc259db824d84
Stav Eyal,1690,QM11,TRUE,FALSE,1,0,0,0,Ground,0,0,2,1,1,0,TRUE,Failed,Didn't Try,FALSE,,转拽砖 注 exchange,2018-03-05 13:38:49,e00bc25f32210f10894ef44b6fb53a7e
 ,1690,QM13,FALSE,FALSE,0,0,0,0,Ground,0,0,0,0,0,0,FALSE,Didn't Try,Didn't Try,FALSE,,专    注  砖拽,2018-03-05 13:27:32,e88d71b33beaf61b87f54d998c5f3b06
Stav Eyal,1690,QM20,TRUE,FALSE,1,0,0,0,Ground,0,0,5,0,0,0,TRUE,Failed,Failed,FALSE,,拽砖 注转 注 专驻,2018-03-05 15:02:01,e97f7d9486308f55ad58e7fb0c3a0101
Saar Zelevski ,1690,QM23,TRUE,FALSE,1,0,0,0,Ground,0,0,3,1,0,0,TRUE,Failed,Didn't Try,FALSE,,,2018-03-05 14:58:09,76301ffc359179b7acbffdfec67816f7
 砖专,1690,QM5,TRUE,FALSE,1,0,0,0,Ground,0,0,1,0,0,0,FALSE,Didn't Try,Didn't Try,FALSE,,驻住拽  驻专拽   专  砖拽,2018-03-05 12:05:08,c806b594ad64f14aa7353f3ab0324290
nir,1690,QM39,TRUE,FALSE,0,0,0,1,Ground,0,0,6,2,0,0,TRUE,Didn't Try,Didn't Try,FALSE,," 注 转拽 专转 专 住拽.
驻 注  砖转拽注 转转 住拽 专注.",2018-03-06 6:47:23,ced0ae68f2e9126b6cb73edabb44b249
 砖,1690,QM45,TRUE,FALSE,1,0,0,0,Ground,0,0,3,1,0,0,TRUE,Didn't Try,Didn't Try,FALSE, ,转注 注 住祝 拽转,2018-03-06 7:40:06,0eab40632e2587cae691bac897459f07
 ,1690,QM50,TRUE,FALSE,1,0,0,0,Ground,1,0,3,0,0,0,TRUE,Failed,Didn't Try,FALSE,砖转专专  专住转, 驻转 专驻 砖驻砖专转 驻住 注,2018-03-06 8:19:12,595209b3199f7e6176b77e62dffb7406
nir,1690,QM56,TRUE,FALSE,1,0,0,0,Ground,6,0,0,0,0,0,TRUE,Didn't Try,Didn't Try,FALSE,,,2018-03-06 9:14:10,125e86010223a6355b786ea4677d0252
住专 住驻,1690,QM59,TRUE,FALSE,0,1,0,0,Ground,1,0,3,0,0,0,TRUE,Failed,Didn't Try,FALSE,,,2018-03-06 9:36:05,4f4ff0d80e1a8f7a8f1129661de4247a
 砖,1690,QF3,TRUE,FALSE,0,0,0,1,Ground,2,1,2,0,0,0,TRUE,Didn't Try,Didn't Try,FALSE,爪 专 转专 5 砖转 拽 注专,注专 - 拽 住抓'  注 驻,2018-03-06 12:39:44,367526fce3f5aa97b7c37333a3d09de9
 砖,1690,QF7,TRUE,FALSE,0,0,1,0,Ground,3,0,0,0,0,0,TRUE,Didn't Try,Didn't Try,FALSE,,"转拽 拽 住抓' 砖 专转 砖
转拽 拽 住抓' 专",2018-03-06 13:11:21,92aa51b0de80ed1508f1575fed2b687f
 砖,1690,Sf4,TRUE,FALSE,0,0,1,0,Ground,3,0,1,0,0,0,TRUE,Failed,Didn't Try,FALSE,,转拽注 拽专 专住转,2018-03-06 14:37:54,a9afa2f9ed10c8714839baf884984187
注 专 专,1937,Pm 3,FALSE,FALSE,0,0,0,0,Ground,0,0,0,0,0,0,TRUE,Didn't Try,Didn't Try,FALSE,住 专  专 砖驻  砖转,住 专 驻注 专 拽转 专爪驻  爪,2018-03-05 9:32:22,62aaae4539f67e5a1707e7e7193c7680
 砖专,1937,QM10,FALSE,FALSE,0,0,0,0,Pyramid,0,0,0,0,2,0,FALSE,Didn't Try,Didn't Try,FALSE,专 爪 砖 拽 转 拽 砖转拽 ,,2018-03-05 12:56:42,eb017e31c4281ac5fbd49c64361c1818
 砖专,1937,QM14,FALSE,FALSE,0,0,0,0,"Ground, Pyramid",1,0,0,0,3,1,FALSE,Didn't Try,Didn't Try,FALSE,,,2018-03-05 13:38:22,42128a780d12a49de3654a404c4dc5cb
 砖,1937,QM20,FALSE,FALSE,0,0,0,0,Ground,0,0,0,0,1,0,FALSE,Didn't Try,Didn't Try,FALSE, ,"驻 拽转
 爪",2018-03-05 14:35:05,a92f9e43d7c7e4cb5b57d877ac97f925
住专 住驻,1937,QM33,FALSE,FALSE,0,0,0,0,Ground,1,0,0,0,1,0,FALSE,Failed,Didn't Try,FALSE,,  auto,2018-03-05 16:45:43,5315cc47e85811fcafa8e105b74f2d7c
Saar Zelevski ,1937,QM4,TRUE,FALSE,0,0,0,0,"Ground, Pyramid",0,0,0,0,0,0,TRUE,Failed,Didn't Try,FALSE,拽专转 住祝 注砖  住专 注 2230," 爪 驻专拽 , 注注. 专  住注 拽.",2018-03-05 11:54:01,89ac9a8229e3f6d2ed07c598a1e7ab0b
 砖,1937,QM39,TRUE,FALSE,0,0,0,0,"Ground, Portal",0,0,4,2,0,0,FALSE,Didn't Try,Didn't Try,FALSE, ,,2018-03-06 6:48:17,c7d4c2e469d076ffe0928b0c4cdd4a58
 砖专,1937,QM41,FALSE,FALSE,0,0,0,0,Ground,0,0,0,0,0,0,TRUE,Didn't Try,Didn't Try,FALSE,注 砖 scale  住,专,2018-03-06 7:07:05,e90875349a0091fa91636955bcd0ae29
专,1937,QM51,TRUE,FALSE,0,0,0,0,Ground,0,0,1,3,0,0,FALSE,Didn't Try,Didn't Try,FALSE,,,2018-03-06 8:26:14,684b4e7acbc5fad842c18577596d1ae9
Nir,1937,QM55,TRUE,FALSE,0,0,0,0,Ground,1,0,3,0,0,0,FALSE,Didn't Try,Didn't Try,FALSE,,,2018-03-06 9:03:01,c0531d379b4e4aa91c2b16512a9556d0
专 爪专,1937,QM58,TRUE,FALSE,0,1,0,0,Pyramid,0,0,0,0,3,0,TRUE,Didn't Try,Didn't Try,FALSE,注砖  注 砖 15 砖转 拽专转 ,,2018-03-06 9:27:48,5b1bb3efb9b2c733c08ef53998c9c810
Saar Zelevski ,1937,Qf2,TRUE,FALSE,1,0,0,0,Ground,0,0,1,1,0,0,TRUE,Didn't Try,Didn't Try,FALSE,,,2018-03-06 12:31:43,4f5a0d7b796bcc215cd44ce3b78fc220
Saar Zelevski ,1937,Qf6,TRUE,FALSE,1,0,0,0,Ground,1,0,1,0,0,0,TRUE,Didn't Try,Didn't Try,FALSE,,,2018-03-06 13:03:50,e4a4e529e165145efc1a64209f71df32
Saar Zelevski ,1937,Qf10,TRUE,FALSE,1,0,0,0,Ground,1,0,0,0,0,0,FALSE,Didn't Try,Didn't Try,FALSE,,,2018-03-06 13:27:15,69f81b690a4033f290679f6f28a871ee
 砖,1943,QM54,TRUE,FALSE,0,0,0,0,Ground,0,0,0,1,0,0,FALSE,Didn't Try,Didn't Try,FALSE,, 爪 住祝 拽转,2018-03-06 8:53:05,a6434074a1555de04ddec4754fa69fca
Saar Zelevski ,1943,Pm2,FALSE,FALSE,0,0,0,0,Ground,1,0,0,1,0,0,FALSE,Didn't Try,Didn't Try,TRUE,,"专 拽  注 , 转拽注 拽 拽  拽 注 住拽. 注注.",2018-03-05 9:16:18,b408c4e7d754221e67adb1777318c474
注,1943,QM 14,FALSE,FALSE,0,0,0,0,Ground,0,0,0,1,0,1,FALSE,Didn't Try,Didn't Try,FALSE, ," 爪 专 拽驻住转,   ",2018-03-05 13:39:32,f17272adf1438efdfe9c305d65cb8dba
注 转,1943,QM 18,TRUE,FALSE,0,0,0,0,Pyramid,0,1,0,0,0,0,FALSE,Didn't Try,Didn't Try,FALSE,,,2018-03-05 14:17:52,899a230554799e18e2d9846e74255238
Saar Zelevski ,1943,QM14,TRUE,FALSE,0,0,0,0,"Ground, Pyramid",1,0,0,1,3,0,TRUE,Didn't Try,Didn't Try,FALSE,,,2018-03-05 13:37:34,7656c576dd1f8519600e479772f087a9
Stav Eyal,1943,QM27,FALSE,FALSE,0,0,0,0,Ground,0,0,0,0,0,0,FALSE,Didn't Try,Didn't Try,FALSE,, 注,2018-03-05 15:50:00,a3bd772c9baeda1cf44d64cc383e1ef3
住专 住驻,1943,QM32,FALSE,FALSE,0,0,0,0,Ground,0,0,0,0,0,0,FALSE,Didn't Try,Didn't Try,FALSE,,  拽爪,2018-03-05 16:38:19,4f3166da6d0fb73d32191f0afc933976
注 转,1943,QM36,FALSE,FALSE,0,0,0,0,Ground,0,0,0,0,0,0,FALSE,Didn't Try,Didn't Try,FALSE,,专  注,2018-03-05 17:11:41,b639473435ddd9888f1678f200137d42
Stav Eyal,1943,QM4,FALSE,FALSE,0,0,0,0,Ground,0,0,0,0,0,0,FALSE,Didn't Try,Didn't Try,FALSE,,"专  
住 转专    砖拽 拽 专住 爪",2018-03-05 12:08:34,1b609e4b8ae21ad1f5c04d7ecc6116a2
Stav Eyal,1943,QM8,FALSE,FALSE,0,0,0,0,Ground,0,1,0,1,0,0,FALSE,Didn't Try,Didn't Try,FALSE,, 专 ,2018-03-05 12:56:43,7018c8371710ce519ab98cf7465b16ca
专,1943,QM44,TRUE,FALSE,0,0,0,0,"Ground, Pyramid",0,0,0,0,5,0,FALSE,Didn't Try,Didn't Try,FALSE,,Foul 注 注专 爪 砖 专砖 砖 拽爪 专,2018-03-06 7:30:11,8d3c4e132c5f4a18e3883553ed98e4b8
 砖,1943,QM48,TRUE,FALSE,0,0,0,0,Ground,0,0,0,0,3,0,FALSE,Didn't Try,Didn't Try,FALSE,,,2018-03-06 8:02:29,ecc23bb716242ab3a7ea09694ce9a53c
Enav,1943,QM59,TRUE,FALSE,0,0,0,0,"Ground, Pyramid",0,0,0,0,8,0,FALSE,Didn't Try,Didn't Try,FALSE,,,2018-03-06 9:36:55,2fb4f211e641e4359d2e9caf5075541c
Saar Zelevski ,1943,Qf4,TRUE,FALSE,0,0,0,0,"Pyramid, Ground",0,0,0,0,3,0,FALSE,Didn't Try,Didn't Try,FALSE,爪注 注 , 转 砖 注砖 4,2018-03-06 12:47:47,3bf638a24942b22f007ec1eb39e28244
Saar Zelevski ,1943,Qf8,TRUE,FALSE,0,0,0,0,"Pyramid, Ground",0,0,0,0,6,0,FALSE,Didn't Try,Didn't Try,FALSE,,住 ,2018-03-06 13:21:02,78c673bf8bc4955cf7ae729403113594
Saar Zelevski ,1943,Qf12,TRUE,FALSE,0,0,0,0,"Ground, Pyramid",0,0,0,0,6,0,FALSE,Didn't Try,Didn't Try,FALSE,,,2018-03-06 13:34:41,0ee021258550d99b10a56f6d426f505e
 ,2212,Pm2,TRUE,FALSE,1,0,0,0,Ground,0,0,1,1,0,0,FALSE,Didn't Try,Didn't Try,FALSE,,,2018-03-05 9:15:32,8b9373d3facea847b6c9b25bf6ebaa48
注 专 专,2212,QM23,TRUE,FALSE,1,0,0,0,Ground,1,0,0,0,0,0,FALSE,Didn't Try,Didn't Try,FALSE, ," 爪 转驻住 拽转, 转拽注 30 砖转  砖拽",2018-03-05 15:00:25,0afb880125f5a0cc6b75de8a49714868
 砖,2212,QM27,TRUE,FALSE,0,0,0,0,Ground,0,0,0,0,5,1,FALSE,Didn't Try,Didn't Try,FALSE, ,转拽砖 住祝 拽转  拽专,2018-03-05 15:37:14,8a0ebd833ab2a06a37a0fa73314f580d
 ,2212,QM35,TRUE,FALSE,1,0,0,0,"Ground, Pyramid",0,0,3,1,0,0,FALSE,Didn't Try,Didn't Try,FALSE,,住祝 ,2018-03-05 17:03:08,71bacab0e978c21cb4aaaf2802737cb4
注 转,2212,QM5,TRUE,FALSE,0,0,0,0,Ground,0,2,0,0,0,0,TRUE,Didn't Try,Didn't Try,FALSE,,拽砖 爪 住祝 拽转 (住 专 驻注),2018-03-05 12:06:24,de94034d0c9dc648c30d31f1df481db7
注 转,2212,QM7,TRUE,FALSE,0,0,0,0,Ground,1,1,0,0,0,0,TRUE,Failed,Didn't Try,FALSE,,住 专 爪 专拽 驻注 专 拽,2018-03-05 12:27:33,a4a40839752c8d3ce869ba40700c3f89
专 爪专,2212,QM41,TRUE,FALSE,1,0,0,0,"Ground, Pyramid",0,0,3,1,1,1,FALSE,Didn't Try,Didn't Try,FALSE, ,拽爪转 转拽砖 住祝,2018-03-06 7:06:36,3c2c6b84ef62b1a228eea5da5bc2408d
注,2212,QM 47,TRUE,FALSE,1,0,0,0,"Ground, Pyramid",0,0,5,0,0,0,TRUE,Didn't Try,Didn't Try,TRUE, ,注 转  注 注转 拽 TF,2018-03-06 7:54:12,d003fa1aaa99cb0de8d5b67f3bb1bb94
住专 住驻,2212,QM55,TRUE,FALSE,1,0,0,0,"Ground, Pyramid",0,0,2,0,2,0,FALSE,Didn't Try,Didn't Try,FALSE,,,2018-03-06 9:02:53,d57d9680c58b428fe1e4d3b4e4a129e3
Saar Zelevski ,2212,QM57,TRUE,FALSE,1,0,0,0,"Pyramid, Ground",0,0,4,0,0,0,TRUE,Didn't Try,Didn't Try,FALSE,,,2018-03-06 9:18:32,58961e7a743d2f23f2bc82d482dd97cc
住专 住驻,2212,QM29,TRUE,FALSE,0,0,0,0,"Ground, Portal",0,0,4,1,0,0,TRUE,Didn't Try,Didn't Try,FALSE,,,2018-03-06 10:23:35,1d37b8fab71d5afeb7205f7492b43903
Stav Eyal,2212,QF4,TRUE,FALSE,0,0,0,0,Ground,0,0,2,1,0,0,TRUE,Didn't Try,Didn't Try,FALSE,,,2018-03-06 12:50:57,3716c13e54f7aa4efaed45f5f28945d1
注 转,2230,QM 34,FALSE,FALSE,0,0,0,0,Ground,0,0,2,0,0,0,TRUE,Didn't Try,Didn't Try,FALSE,驻注 拽爪 转. 专  拽 驻,,2018-03-05 16:56:46,6b254c62e0525d523e2f82ba5d73472f
Saar Zelevski ,2230,QM17,FALSE,FALSE,0,0,0,0,Ground,1,1,0,0,0,0,FALSE,Didn't Try,Didn't Try,FALSE,, 专爪 转 1944 专...,2018-03-05 14:07:14,80d03258752cc80af7be4a66fa39bef9
 砖,2230,QM22,TRUE,FALSE,0,0,0,0,Ground,0,1,0,0,0,0,FALSE,Didn't Try,Didn't Try,FALSE,,"爪 转 爪 砖 
",2018-03-05 14:50:10,8ce2f7eb93a46c8eeed4b75f97e1ef58
 ,2230,QM35,FALSE,FALSE,0,0,0,0,"Ground, Portal",1,0,1,0,0,0,TRUE,Didn't Try,Didn't Try,FALSE,,住祝 ,2018-03-05 17:15:54,2d525fc89ad6e8ed2c2989754a38aa59
 砖专,2230,QM4,FALSE,FALSE,0,0,0,0,"Ground, Pyramid",2,1,0,0,0,0,TRUE,Didn't Try,Didn't Try,FALSE,,住 专 拽转 驻注专转 驻 砖爪,2018-03-05 11:54:32,15dc414702f7ba392b800b62502fb917
专 爪专,2230,QM7,FALSE,FALSE,0,0,0,0,Ground,0,0,0,0,0,0,FALSE,Didn't Try,Didn't Try,FALSE, , 爪 转驻住 祝 驻专 拽,2018-03-05 12:30:09,3fd7b773472e7b8c788f6e47922b3032
住专 住驻,2230,QM45,TRUE,FALSE,0,0,0,0,Pyramid,0,0,0,0,1,0,FALSE,Didn't Try,Didn't Try,FALSE,, 注砖 ,2018-03-06 7:38:55,180e869b2d1d8676000a1ffe065dc4df
 ,2230,QM47,FALSE,FALSE,0,0,0,0,Ground,1,0,0,0,0,0,FALSE,Didn't Try,Didn't Try,FALSE,,  ,2018-03-06 7:54:06,0882f6470e0f1282bf46eae7ade97cb2
 砖专,2230,QM45,FALSE,FALSE,0,0,0,0,Pyramid,0,1,0,0,1,2,FALSE,Didn't Try,Didn't Try,FALSE,,,2018-03-06 9:01:42,a296c5f25dd86232b95ce0a53338758f
Stav Eyal,2230,QM56,TRUE,FALSE,0,0,0,0,Ground,3,1,0,0,1,0,TRUE,Didn't Try,Didn't Try,FALSE,砖 拽转 注 switch 砖 拽爪 砖,,2018-03-06 9:17:27,a6a8d3d2a536c1decdd391c599edd738
Nir,2230,QM29r,TRUE,FALSE,0,0,0,0,Ground,4,1,0,0,0,0,FALSE,Didn't Try,Didn't Try,FALSE,,,2018-03-06 10:23:54,068f3d399390a1c50a2120dff79679fb
 ,2230,Qf 3,FALSE,FALSE,0,0,0,0,"Ground, Pyramid",3,1,1,0,1,0,FALSE,Didn't Try,Didn't Try,FALSE,,  ,2018-03-06 12:52:34,ed9880a524688473f34aab678b8ac102
注 转,2630,QM11,TRUE,FALSE,0,0,0,0,Ground,0,0,1,0,1,0,FALSE,Didn't Try,Didn't Try,FALSE,"住 拽爪转 砖  砖拽
 ( endgame(", 爪 住祝 拽转 ,2018-03-05 13:03:16,8462a2726c32695776430f9ef78d504e
专 爪专,2630,Pm5,FALSE,FALSE,0,0,0,0,Ground,0,0,0,0,0,0,FALSE,Didn't Try,Didn't Try,FALSE, ,专 住注 拽 专  驻注  驻住拽  ,2018-03-05 10:09:46,cd1688449ac1c947fa8a49c8edf688a7
注,2630,QM 13,TRUE,FALSE,0,0,0,0,"Ground, Pyramid",0,0,3,0,0,0,FALSE,Didn't Try,Didn't Try,FALSE,,"转拽拽 砖砖专 60 砖转 专砖, 转拽注 注 专驻 注转 驻住拽 注",2018-03-05 13:30:23,f9324892f96150455c51b3b0643a2ec0
 砖,2630,QM1,FALSE,FALSE,0,0,0,0,"Ground, Pyramid",1,0,0,4,1,0,TRUE,Failed,Didn't Try,FALSE, 注砖 ," 驻住   砖专 
专住
专 拽转 驻",2018-03-05 11:24:04,518e49041d6898683a260a271dfb60bc
Saar Zelevski ,2630,QM13,TRUE,FALSE,0,0,0,0,Ground,0,0,4,0,0,0,FALSE,Didn't Try,Didn't Try,FALSE,,驻  注转/ 住祝/驻住 ( / 专专) 砖转  专,2018-03-05 13:28:40,33d4832dd6fec956ec9cfbb6e5e1899f
 砖,2630,QM21,TRUE,FALSE,0,0,0,0,"Ground, Pyramid",2,0,2,0,0,0,TRUE,Didn't Try,Didn't Try,FALSE,,,2018-03-05 14:44:47,555c55ab6e1a8c549a46df70d68debc7
注,2630,QM28,TRUE,FALSE,0,0,0,0,Ground,0,0,4,0,0,0,TRUE,Didn't Try,Didn't Try,FALSE,,转拽注 30 砖转 专转,2018-03-05 15:52:44,be1ca7790b336662060eec1de340ccdb
 ,2630,QM31,TRUE,FALSE,0,0,0,0,Ground,0,0,5,1,0,0,TRUE,Didn't Try,Didn't Try,FALSE,,,2018-03-05 16:28:15,4827cc215c2dbe71188f0012502573e4
住专 住驻,2630,QM38,TRUE,FALSE,0,0,0,0,"Ground, Pyramid",0,0,3,1,4,0,TRUE,Didn't Try,Didn't Try,FALSE,,,2018-03-06 6:37:07,805b5bf2f4eb9936a26a3082c15f0965
 砖专,2630,QM44,TRUE,FALSE,0,0,0,0,"Ground, Pyramid",0,0,8,0,0,0,TRUE,Failed,Didn't Try,FALSE,,,2018-03-06 7:31:12,495e33fc337e862175008ae1b95c78da
Saar Zelevski ,2630,QM47,TRUE,FALSE,0,0,0,0,Ground,0,0,6,0,0,0,TRUE,Failed,Didn't Try,TRUE,,拽 2 拽 驻住 注  砖转拽注 住拽  . 砖专  驻住,2018-03-06 7:54:19,e3fa80b8950acd8c0db8920283b01633
 砖专,2630,QM56,TRUE,FALSE,0,0,0,0,Ground,0,0,3,0,0,0,TRUE,Failed,Didn't Try,FALSE,,,2018-03-06 9:13:53,36e31ff46fc01910d555b0d79b7ce4be
Saar Zelevski ,2630,QM58,TRUE,FALSE,0,0,0,0,"Pyramid, Ground",3,0,4,1,0,0,TRUE,Failed,Didn't Try,FALSE,,驻住 专注 ,2018-03-06 9:25:59,6f5b2dd3f059dd302a156cb742df3146
住专 住驻,2630,QF3,TRUE,FALSE,0,0,0,0,"Ground, Pyramid",2,0,4,0,0,0,TRUE,Failed,Didn't Try,FALSE,,,2018-03-06 12:39:08,8ca2ad0768166b3e6da214f523b04098
住专 住驻,2630,QF7,TRUE,FALSE,0,0,0,0,"Ground, Pyramid",3,0,1,0,0,0,TRUE,Failed,Didn't Try,FALSE,祝 专 专,,2018-03-06 13:10:56,22c81d5c7369db7131b811023949c0f7
住专 住驻,2679,QM56,FALSE,FALSE,0,1,0,0,Pyramid,0,0,0,0,5,2,FALSE,Didn't Try,Didn't Try,FALSE,,,2018-03-06 9:12:21,ee9f393c663a7a28cbba60a1e38e8660
Stav Eyal,2679,PM5,TRUE,FALSE,0,1,0,0,Pyramid,2,1,0,0,2,0,TRUE,Failed,Didn't Try,FALSE,,Installed auto cube on the wrong side of the switch,2018-03-05 10:14:33,aa80292013f18a639fcc710dd9de5a54
注 转,2679,QM 12,TRUE,FALSE,1,0,0,0,"Ground, Pyramid",1,0,0,0,6,0,FALSE,Failed,Didn't Try,FALSE,,注 拽爪 专转 砖 驻住,2018-03-05 13:16:04,fbb63090824f1848baf59f7694283e7e
 砖专,2679,QM19,TRUE,FALSE,1,0,0,0,"Ground, Pyramid",0,1,0,0,3,0,TRUE,Failed,Didn't Try,FALSE,,砖转专专  驻住,2018-03-05 14:26:23,18c8993c31fb5e5f5d87cd5aa6246012
住专 住驻,2679,QM27,TRUE,FALSE,0,0,0,0,Pyramid,0,0,0,0,7,1,TRUE,Failed,Didn't Try,FALSE,,砖专 拽 专砖,2018-03-05 15:37:38,09a8d70f2f19714946249fa92d3813cc
 ,2679,QM3,TRUE,FALSE,1,0,0,0,Pyramid,1,1,0,0,0,0,FALSE,Didn't Try,Didn't Try,FALSE,专 转砖  专  驻 拽 ,住 住抓' 砖 专转 砖 ,2018-03-05 11:46:14,c9e966e4fd60a96e24fc9c1021021d37
Saar Zelevski ,2679,QM33,TRUE,FALSE,0,0,0,0,"Ground, Pyramid",1,1,0,0,4,0,FALSE,Didn't Try,Didn't Try,FALSE,,住祝 专注 转驻专拽,2018-03-05 16:45:00,ef84a0c00c29f9c2679e0aa453e10b09
Saar Zelevski ,2679,QM7,TRUE,FALSE,0,1,0,0,"Ground, Pyramid",0,0,0,0,6,0,TRUE,Didn't Try,Didn't Try,FALSE,,专 注抓 注 专... 专 拽爪转  驻专,2018-03-05 12:26:13,ffe8f64a95dc5f8a471a584ef5f511eb
专 爪专,2679,QM37,FALSE,FALSE,0,1,0,0,"Ground, Pyramid",0,1,0,0,9,3,FALSE,Didn't Try,Didn't Try,FALSE, ,砖 专 驻专 拽住,2018-03-06 6:26:23,f4c9714ec54a576be3f802dbb9635d5a
 砖,2679,QM42,TRUE,FALSE,0,0,0,0,Ground,4,0,0,0,5,1,FALSE,Didn't Try,Didn't Try,FALSE, ,,2018-03-06 7:12:25,834cce4045e08ab4f36a3c383aea6715
 砖,2679,QM50,TRUE,FALSE,0,0,0,0,"Ground, Pyramid",0,0,0,0,6,0,FALSE,Didn't Try,Didn't Try,FALSE,,转拽  ,2018-03-06 8:18:26,1ec4910e34377923446f6211f1e50664
注 转,2679,QF 8,TRUE,FALSE,1,0,0,0,"Ground, Pyramid",1,1,0,0,6,1,TRUE,Didn't Try,Didn't Try,FALSE,,,2018-03-06 13:22:51,a80595055cdf2e5e6faf7ba5782fd25c
注 专-专,3034,Pm 1,FALSE,FALSE,0,0,0,0,"Ground, Pyramid",2,1,0,1,0,0,TRUE,Didn't Try,Didn't Try,FALSE,拽专转 住祝 砖拽 转拽 专 专 驻驻专,住 注转 住拽 拽转   转 驻,2018-03-05 8:51:32,73503d0ba8fe70b1ab838622829c903e
注 专 专,3034,QM 1,TRUE,FALSE,0,0,0,0,"Ground, Pyramid",1,0,1,0,3,0,FALSE,Failed,Didn't Try,FALSE,  驻专,,2018-03-05 11:24:57,d441e6b6d7cd71babd45b858df8b7fb1
Stav Eyal,3034,QM14,TRUE,FALSE,0,0,0,0,"Ground, Pyramid",2,0,1,0,0,0,TRUE,Didn't Try,Didn't Try,FALSE,,,2018-03-05 13:58:47,a30c80386f0fb100667f2064f6126bfa
注 专 专,3034,QM18,TRUE,FALSE,0,0,0,0,"Ground, Pyramid",1,0,0,0,8,0,TRUE,Didn't Try,Didn't Try,FALSE, ,,2018-03-05 14:17:18,9f004a76ca8177e54d63f036002954a3
专 爪专,3034,QM26,FALSE,FALSE,0,0,0,0,Ground,0,0,1,3,1,0,TRUE,Didn't Try,Didn't Try,FALSE,  ,砖 住转 scale 专转 砖 注 拽 住转 专 专 ,2018-03-05 15:27:04,3f8d02de61505157d9b53be84ca1755b
 砖,3034,QM30,TRUE,FALSE,0,0,0,0,Ground,0,0,0,0,1,1,TRUE,Didn't Try,Didn't Try,FALSE,转拽 注拽专   砖拽," 驻专 专
 住祝 砖 拽",2018-03-05 16:25:03,1ac0ba9ccf691f169f5454e6eb77d380
 砖专,3034,QM9,TRUE,FALSE,0,0,0,8,Ground,0,0,4,1,0,0,FALSE,Didn't Try,Didn't Try,FALSE,,注专 转 砖砖驻  专,2018-03-05 12:46:59,d578b6c601cc894e9964310aba6afc72
住专 住驻,3034,QM37,TRUE,FALSE,0,0,0,0,"Ground, Pyramid",1,0,2,0,3,0,TRUE,Didn't Try,Didn't Try,FALSE,,,2018-03-06 6:26:15,1a7d2a7a0c27c6628dfd4c0bd2aac2b4
注,3034,QM 50,TRUE,FALSE,0,0,0,0,"Ground, Pyramid",0,0,5,1,0,0,TRUE,Didn't Try,Didn't Try,FALSE, ,驻 5 拽转,2018-03-06 8:18:11,894a621fcefa35802ec606aadf6ca822
Saar Zelevski ,3034,QM55,TRUE,FALSE,0,0,0,0,"Ground, Pyramid",5,0,1,1,2,0,FALSE,Didn't Try,Didn't Try,FALSE,,,2018-03-06 9:02:50,f24f0fc1f9f682ca643ff81c29765aca
注 ,3034,QM 58,TRUE,FALSE,0,0,0,0,"Pyramid, Ground",1,0,3,1,1,0,TRUE,Didn't Try,Didn't Try,FALSE, ,,2018-03-06 9:27:53,c4506903433a421234ebe035620f5b75
Stav Eyal,3034,QF2,TRUE,FALSE,0,0,0,0,Ground,1,0,4,2,0,0,TRUE,Didn't Try,Didn't Try,FALSE,,,2018-03-06 12:38:03,0d22cd0f7d8ffc96196533ee13064265
Stav Eyal,3034,QF6,TRUE,FALSE,0,0,0,0,Ground,0,1,1,3,1,0,TRUE,Didn't Try,Didn't Try,FALSE,,,2018-03-06 13:05:01,63ecefa02961bd8bfc48684aa923c262
专 爪专,3211,Pm6,TRUE,FALSE,0,1,0,0,Ground,0,0,1,2,0,0,TRUE,Didn't Try,Didn't Try,FALSE, ,"拽 驻 注 驻转 拽转

转拽砖  住祝 拽转  拽专 专",2018-03-05 10:28:47,035210835974910cdd4956b887acbeda
专,3211,QM31,TRUE,FALSE,1,0,0,0,"Ground, Pyramid",0,0,1,0,2,0,TRUE,Didn't Try,Didn't Try,FALSE,,驻住拽 注 45 砖转 专转 砖 砖拽.,2018-03-05 17:22:28,1fee77a2085188f43f24f454adc330fd
Saar Zelevski ,3211,QM16,TRUE,FALSE,0,0,0,0,Ground,3,0,0,1,0,0,FALSE,Didn't Try,Didn't Try,TRUE,,"注 专 砖转, 专 ",2018-03-05 13:56:12,545354e33b420195cba0cda5e6134305
住专 住驻,3211,QM19,FALSE,FALSE,0,0,0,0,Ground,0,0,0,0,0,0,FALSE,Didn't Try,Didn't Try,FALSE,, ,2018-03-05 14:26:09,3d6249cd087d71536567e92c494158f5
Stav Eyal,3211,QM2,TRUE,FALSE,0,1,0,0,Pyramid,0,0,0,1,3,0,FALSE,Didn't Try,Didn't Try,TRUE,,专驻 驻转 爪注 砖拽  拽 disable,2018-03-05 11:51:02,58dc9265ef862c07f090f014c4d4daf3
Saar Zelevski ,3211,QM9,FALSE,FALSE,0,0,0,0,Ground,0,0,1,1,0,0,FALSE,Didn't Try,Didn't Try,FALSE,,"驻 转 拽  转 专,  转拽注 砖  拽爪专. 驻  专驻 爪注 专   转驻拽.",2018-03-05 12:44:59,7c0d9db22d04c833f4aabe8a4eb421a5
Saar Zelevski ,3211,QM39,TRUE,FALSE,1,0,0,0,Ground,0,0,0,1,0,0,FALSE,Didn't Try,Didn't Try,FALSE,,,2018-03-06 6:48:32,7b29372d9f70d730dfb6df112d0b5e29
专,3211,QM43,TRUE,FALSE,1,0,0,0,"Ground, Pyramid",0,0,0,0,4,0,TRUE,Didn't Try,Didn't Try,FALSE,,,2018-03-06 7:21:28,44043e5d3342801d5434654efa3d6bb8
Saar Zelevski ,3211,QM48,TRUE,FALSE,1,0,0,0,"Ground, Pyramid",0,0,1,2,0,0,FALSE,Didn't Try,Didn't Try,FALSE,, 专注,2018-03-06 8:02:55,b9691bd0c7447cd87b89bebef02bb8f8
Nir,3211,QM52,TRUE,FALSE,1,0,0,0,Ground,0,0,1,0,0,0,FALSE,Didn't Try,Didn't Try,FALSE,,,2018-03-06 8:35:49,a2e6d93a615c674da63c01145ce6e8c1
专 爪专,3211,Qf2,FALSE,FALSE,0,0,0,0,"Ground, Pyramid",0,0,2,0,4,0,FALSE,Didn't Try,Didn't Try,TRUE, ,"  注

驻 专  

Null zone TF",2018-03-06 12:32:01,241306d92db4deef9b208475bd843961
专 爪专,3211,Qf6,TRUE,FALSE,0,0,1,1,"Ground, Pyramid",2,1,0,0,1,0,FALSE,Didn't Try,Didn't Try,FALSE,,转拽砖 住祝 驻专 拽住,2018-03-06 13:04:35,ac16610b000021395c0a0095016fe0ee
专 爪专,3211,Qf10,TRUE,FALSE,0,0,2,0,"Ground, Pyramid",3,0,1,0,3,0,FALSE,Didn't Try,Didn't Try,FALSE, ,"砖驻专 转 住祝  砖拽 拽

 ",2018-03-06 13:28:27,ec95c1932c61e6f0ab13cd8780ae1ff7
 砖,3316,PM3,TRUE,FALSE,0,1,0,0,Ground,2,1,2,0,2,1,FALSE,Didn't Try,Didn't Try,FALSE, 注砖 ,"爪注 注专 - 拽  驻 砖 住拽
专
转拽注 专
转拽转 拽住爪'' 住专转 砖拽  砖专",2018-03-05 9:34:57,b04a01c7f259cb8ee5cf9108e7747eed
注 转,3316,QM 13,TRUE,FALSE,0,1,0,0,Ground,0,0,3,3,0,0,TRUE,Successful,Didn't Try,FALSE,,D bug!,2018-03-05 13:28:53,b744691baf824d9f3b5acce022df3401
注 专 专,3316,QM 2,TRUE,FALSE,1,0,0,0,"Pyramid, Ground",0,0,5,2,0,0,FALSE,Failed,Didn't Try,FALSE,, !!!,2018-03-05 11:32:44,69c9a5b426faf9ca69a2bd955a9a7020
住专 住驻,3316,QM10,FALSE,FALSE,1,0,0,0,Ground,2,0,3,0,0,0,TRUE,Failed,Didn't Try,FALSE, А,,2018-03-05 12:55:36,2bbe78842725e98196510010171afc7b
 砖专,3316,QM18,TRUE,FALSE,1,0,0,0,"Ground, Pyramid",0,0,5,1,0,1,TRUE,Didn't Try,Didn't Try,FALSE,,Dbug 驻 !!!,2018-03-05 14:16:14,30ebabcadb72a10b030b25343ae05e8a
Stav Eyal,3316,QM26,TRUE,FALSE,1,0,0,0,Ground,1,0,1,0,0,0,FALSE,Didn't Try,Didn't Try,FALSE,,注转 转拽砖专转,2018-03-05 15:39:53,0737940aafefedda0772969253b62e99
Saar Zelevski ,3316,QM35,TRUE,FALSE,0,1,0,0,"Pyramid, Ground",1,0,4,0,0,0,TRUE,Didn't Try,Didn't Try,FALSE,,注专 住 拽专  砖 专,2018-03-05 17:01:40,3075a938b4b3ac71a7638328d5b737b8
 砖专,3316,QM43,TRUE,FALSE,0,1,0,0,"Ground, Pyramid",1,1,2,1,0,0,TRUE,Successful,Didn't Try,FALSE,,转拽注 驻专 拽 专 专 砖拽,2018-03-06 7:22:28,4a11c27c171ea6f4a23350b6354eea06
 砖,3316,QM49,TRUE,FALSE,1,0,0,0,Ground,3,1,0,0,0,0,TRUE,Successful,Didn't Try,TRUE, ,Dbug!!!,2018-03-06 8:14:45,3ced4820367e2acf1838e0802e7c4598
Saar Zelevski ,3316,QM56,TRUE,FALSE,1,0,0,0,"Ground, Pyramid",5,0,0,0,0,0,FALSE,Failed,Didn't Try,FALSE,,,2018-03-06 9:12:20,ed77bf5a7a53b82fde0cba4536124401
 砖,3316,QF4,FALSE,FALSE,0,0,0,0,Ground,0,0,6,0,0,0,TRUE,Successful,Didn't Try,FALSE, ,注专 - 砖 注 2 拽转  转,2018-03-06 12:48:17,e52f6d1fe50f91af8443969888880a3d
 砖,3316,QF8,TRUE,FALSE,1,0,0,0,Ground,4,1,2,0,0,0,TRUE,Successful,Didn't Try,FALSE,,转拽 拽 住抓' 专,2018-03-06 13:26:07,2cfad70665076dafdb821678c7348917
 砖,3316,QF12,TRUE,FALSE,0,0,0,0,Ground,0,0,6,1,0,0,TRUE,Successful,Didn't Try,FALSE,,注专 - 砖 砖转 拽转  转,2018-03-06 13:36:15,58a3b3bce1738a1fef0c872a22b7666f
 砖,4319,PM2,TRUE,FALSE,0,0,0,0,Portal,0,1,0,0,0,0,FALSE,Didn't Try,Didn't Try,FALSE, 注砖 ,住 住祝 专爪驻  驻注  爪 祝 转,2018-03-05 9:16:40,826a635d47604512798c3f7c8830c435
专 爪专,4319,QM1,FALSE,FALSE,0,0,0,0,Portal,0,0,0,0,0,0,FALSE,Didn't Try,Didn't Try,FALSE, ," 爪 拽 拽转 驻专  住祝 专爪驻

驻专注 专 转 专转  转拽 注 住拽",2018-03-05 11:25:06,87b6cc812710bd5e20cadf4448c531c9
Saar Zelevski ,4319,QM12,TRUE,FALSE,0,0,0,0,Ground,0,0,0,0,0,0,FALSE,Didn't Try,Didn't Try,FALSE,,专 ,2018-03-05 13:13:54,7693a3288c7672cedc5af76508cdc263
Stav Eyal,4319,QM12,TRUE,FALSE,0,0,0,0,Portal,0,0,0,0,0,0,FALSE,Didn't Try,Didn't Try,FALSE,,"专 砖拽 转砖注
 爪 住祝 ",2018-03-05 13:42:28,6a56b398a58fc2f8a1a554c584eeb4b1
注 专 专,4319,QM20,TRUE,FALSE,0,0,0,0,Portal,0,0,0,0,0,0,FALSE,Didn't Try,Didn't Try,FALSE, 拽爪转  住抓',"转拽注 砖砖专 拽 砖拽,  爪 住祝 驻专",2018-03-05 14:38:25,fb8f475c11c4124e0c62421c54c1f087
专 爪专,4319,QM24,TRUE,FALSE,0,0,0,0,Portal,0,1,0,0,0,0,FALSE,Didn't Try,Didn't Try,TRUE,住 注 专 专 注 驻驻专,"转 专住转
Tf 1",2018-03-05 15:10:29,28bd1e9698d0da4f58eb2677aba06a20
住专 住驻,4319,QM40,TRUE,FALSE,0,0,0,0,Portal,0,1,0,0,0,0,TRUE,Didn't Try,Didn't Try,FALSE,拽 专住 爪,驻 拽转 拽转,2018-03-06 6:55:59,d4a5942d1b0dff8bfc6b8e91c528dfa4
住专 住驻,4319,QM42,TRUE,FALSE,0,0,0,0,Portal,0,0,0,0,0,0,TRUE,Didn't Try,Didn't Try,FALSE,,,2018-03-06 7:12:54,e60118a11b920302de3fd0553a765f0b
Stav Eyal,4319,QM47,TRUE,FALSE,0,0,0,0,Ground,1,0,0,0,0,0,FALSE,Didn't Try,Didn't Try,TRUE,," 驻转专 转 驻转专
注 专 null zone",2018-03-06 7:54:49,49016b795583cab651693c98b435dd42
Saar Zelevski ,4319,QM52,TRUE,FALSE,0,0,0,0,Portal,0,0,0,0,0,0,TRUE,Didn't Try,Didn't Try,FALSE,,   砖,2018-03-06 8:36:02,a1cbb9c4229fd7f8ce29459bb4dfdfb7
Saar Zelevski ,4319,QM29r,TRUE,FALSE,0,0,0,0,Portal,0,3,0,0,0,0,FALSE,Didn't Try,Didn't Try,FALSE,,,2018-03-06 10:23:15,92fd90d575687d60ad0b2a9bf9161c67
 砖专,4319,QM8,TRUE,FALSE,0,0,0,0,Ground,1,0,0,0,0,0,FALSE,Didn't Try,Didn't Try,FALSE,,住 拽转 驻专  爪,2018-03-05 12:38:20,cd817919feade30d5007cf5b96385300
Saar Zelevski ,4338,Qf7,TRUE,FALSE,1,0,0,0,"Ground, Pyramid",1,0,0,0,3,0,FALSE,Didn't Try,Didn't Try,FALSE,,,2018-03-06 13:10:55,04295cfcbb6ddbfa23ce248e5e5d3582
注,4338,Pm 5,FALSE,FALSE,0,0,0,0,Ground,0,0,0,0,0,0,FALSE,Didn't Try,Didn't Try,FALSE, , ,2018-03-05 10:08:27,57855cdfa8a08958c45996f0cdc8dbbc
专,4338,QM34,TRUE,FALSE,0,1,0,0,Ground,0,0,0,0,0,2,TRUE,Failed,Didn't Try,FALSE,,转拽 拽 爪   砖 住爪壮.,2018-03-05 16:53:11,797fe0fda933f1c33570ccf3030a96b1
Stav Eyal,4338,QM10,TRUE,FALSE,0,1,0,0,Ground,1,1,0,0,0,0,FALSE,Didn't Try,Didn't Try,FALSE,砖拽 ,"转驻专拽   注专转 住祝 转拽
拽 驻  转 专
驻 注转 (注转 注爪  砖 砖)",2018-03-05 13:30:11,775ce0dec93ecfb5f5a618dfcfd29578
 ,4338,QM12,TRUE,FALSE,0,0,0,0,Ground,0,0,0,0,1,0,TRUE,Didn't Try,Didn't Try,FALSE,,"专 驻  , 祝 拽转  专 驻转 4 驻注",2018-03-05 13:17:38,5e34554b1b0c0c25a5145563f6dceaf2
专 爪专,4338,QM2,TRUE,FALSE,0,0,0,0,"Ground, Pyramid",0,0,1,1,2,0,TRUE,Didn't Try,Didn't Try,FALSE,,,2018-03-05 11:31:57,037d2270868b2f75b25f431177d49457
专 爪专,4338,QM23,FALSE,FALSE,0,0,0,0,Ground,2,0,0,0,0,0,FALSE,Didn't Try,Didn't Try,FALSE, ,驻住拽  45 砖转 住祝,2018-03-05 14:59:50,d84bb6f6d712dfc246d83aada82477b4
 砖,4338,QM26,TRUE,FALSE,0,0,0,0,Ground,1,0,1,0,3,0,TRUE,Didn't Try,Didn't Try,FALSE, ,"注专 -  转 拽转 砖爪转 住抓' 爪 砖 驻驻专
 爪   注拽专 砖专 转   砖 拽 住拽",2018-03-05 15:26:19,eaddf16213583731e066d857f6e03313
 砖专,4338,QM39,TRUE,FALSE,0,0,0,0,Ground,0,0,0,0,0,0,FALSE,Didn't Try,Didn't Try,FALSE,,,2018-03-06 6:49:26,c006c650819aba60bbb46c14a53f6573
住专 住驻,4338,QM44,TRUE,FALSE,0,0,0,0,Ground,0,0,0,0,0,0,FALSE,Didn't Try,Didn't Try,TRUE,"住 专 爪专 转 拽转
拽 tf",,2018-03-06 7:32:20,5e02e7cd5c92bebe2353dc6a90cfd34f
专,4338,QM46,TRUE,FALSE,0,0,0,0,Ground,0,0,1,0,0,0,TRUE,Didn't Try,Didn't Try,FALSE,,,2018-03-06 7:45:15,2dd4387257ff74840193636bab4b37df
 砖,4338,QM53,TRUE,FALSE,0,0,0,0,Ground,0,0,1,0,0,0,FALSE,Didn't Try,Didn't Try,FALSE, ,"拽 转驻专拽
 住祝 拽转",2018-03-06 8:46:06,1305b61f99a8ad8b0f23810d78490d70
Saar Zelevski ,4338,QM60,TRUE,FALSE,0,0,0,0,"Ground, Pyramid",1,0,1,0,1,0,TRUE,Didn't Try,Didn't Try,FALSE,,,2018-03-06 9:43:22,9550cd7dab04b8066bd9be0163fa03ec
Saar Zelevski ,4338,Qf3,TRUE,FALSE,1,0,0,0,"Ground, Pyramid",2,0,0,0,3,0,FALSE,Didn't Try,Didn't Try,FALSE,,,2018-03-06 12:39:19,5b53f9fb4b69f52565dd3b26dfc74966
专 爪专,4586,Pm3,FALSE,FALSE,0,0,0,0,Ground,1,1,0,1,0,0,TRUE,Failed,Didn't Try,FALSE, ,"住 驻住 注 专 专, 专 专  爪 驻住",2018-03-05 9:32:23,51980b1f40962f67a5fc3353a0786946
注 转,4586,QM 32,FALSE,FALSE,0,0,0,0,Ground,1,0,0,0,4,0,TRUE,Successful,Didn't Try,FALSE,,,2018-03-05 16:47:12,671e8e4a12305e2c7b07c391c77d8433
专 爪专,4586,QM11,TRUE,FALSE,0,0,0,0,Ground,1,0,3,2,0,0,FALSE,Didn't Try,Didn't Try,FALSE,,,2018-03-05 13:09:29,ae2dbe82699dd3bb3b5f91d950b584e3
 ,4586,QM16,TRUE,FALSE,0,0,0,0,Ground,0,0,3,0,0,0,TRUE,Successful,Didn't Try,FALSE,,,2018-03-05 13:56:28,240c7af836722938cd29a463f7824ffa
Saar Zelevski ,4586,QM18,FALSE,FALSE,0,0,0,0,Ground,0,0,3,1,0,0,TRUE,Didn't Try,Didn't Try,FALSE,,"驻专 砖 !
驻专 砖 !
驻专 砖 !",2018-03-05 14:15:48,1103a4ef5e39e1bc001001122aca594e
 砖,4586,QM29,TRUE,FALSE,1,0,0,0,Ground,1,0,0,0,0,0,FALSE,Didn't Try,Didn't Try,FALSE, 5 砖转,"砖 砖 tf 转
转拽 拽 住抓' 专",2018-03-05 16:11:04,f330dea10414a65d65c119a5d8bd8e4b
专 爪专,4586,QM3,TRUE,FALSE,0,0,0,0,Ground,0,0,5,0,0,0,TRUE,Failed,Didn't Try,FALSE, ,"驻 拽转  驻注

 转驻住 专 专  - null area 专转 砖砖 砖 专 ",2018-03-05 11:42:50,ce8f461e3b4c01c9845fa5ffe130bd4d
Saar Zelevski ,4586,QM38,TRUE,FALSE,0,0,0,0,"Pyramid, Ground",2,0,8,0,0,0,TRUE,Successful,Didn't Try,FALSE,,"专 驻住拽 注 专  驻 专驻. 拽专转 住祝
专 注 ",2018-03-06 6:37:35,c1c82e8126c454ba785e4e8c3da957c7
专,4586,QM42,TRUE,FALSE,0,1,0,0,"Ground, Pyramid",0,0,0,0,5,0,FALSE,Didn't Try,Didn't Try,FALSE,, 转拽砖专转 80 砖转 住 注 40 砖转 住,2018-03-06 7:13:07,572bf495f146ed57cf5775861b1a893f
注 ,4586,QM 46,FALSE,FALSE,0,0,0,0,"Ground, Pyramid",0,0,0,0,2,0,FALSE,Didn't Try,Didn't Try,FALSE, ,驻住拽 注 砖砖 砖拽,2018-03-06 7:47:58,4684c96a8fe5f58a842866d3c3a3a411
Stav Eyal,4586,QM54,TRUE,FALSE,0,1,0,0,Ground,2,0,2,0,0,0,FALSE,Didn't Try,Didn't Try,FALSE,砖 拽转 注 switch 砖 拽爪 砖,驻住拽  砖  砖,2018-03-06 8:54:48,c1879922c3f3622ef3ca6d50154ae1b3
 砖专,4586,QM57,FALSE,FALSE,0,0,0,0,Ground,3,0,3,0,0,0,TRUE,Failed,Didn't Try,FALSE,,专 砖转注 砖 ,2018-03-06 9:21:52,8f1892b4865cb4ea7d3dd8270b491271
Stav Eyal,4586,QM29,TRUE,FALSE,0,0,0,0,Ground,0,0,1,0,0,0,FALSE,Didn't Try,Didn't Try,FALSE,,,2018-03-06 10:25:27,7f493bc472f81eaab87617dc7f2106d9
Stav Eyal,4586,QF3,TRUE,FALSE,0,1,0,0,Ground,2,3,1,1,0,0,TRUE,Failed,Didn't Try,FALSE,,专 砖 爪 注 scales 注专 switch 砖 拽爪 砖,2018-03-06 12:46:49,a0a6ee712717759e97e565fcc8b2b8f0
Stav Eyal,4586,QF7,TRUE,FALSE,0,1,0,0,Ground,3,1,0,0,0,0,TRUE,Successful,Didn't Try,FALSE,,,2018-03-06 13:22:56,fa19f95b0f78a14176156145303f824f
专 爪专,4590,PM1,FALSE,FALSE,0,0,0,0,Ground,0,0,0,0,0,0,FALSE,Didn't Try,Didn't Try,FALSE, ,专   砖   砖拽,2018-03-05 8:55:07,dc541e16b65a028fb39094465418b2e1
 注 转,4590,QM 16,TRUE,FALSE,0,0,0,0,"Pyramid, Ground",0,0,0,0,2,1,TRUE,Didn't Try,Didn't Try,FALSE,住 专 5 砖转,,2018-03-05 13:58:22,9d88eb4d757d1073d5bba2d88f18ce53
Saar Zelevski ,4590,QM22,TRUE,FALSE,0,0,0,0,"Ground, Pyramid",2,0,0,0,2,0,TRUE,Failed,Didn't Try,FALSE,,,2018-03-05 14:49:02,289d80816fd0f96ecfe97073f34936e3
注 专 专,4590,QM25,TRUE,FALSE,0,0,0,0,"Ground, Pyramid",1,0,0,0,2,0,TRUE,Failed,Didn't Try,TRUE, ,注 转拽注 转转 住拽,2018-03-05 15:17:36,b463bb2b282ccc7c2ad99a94ac7cbb52
 砖,4590,QM33,TRUE,FALSE,0,0,0,0,Ground,1,2,0,0,2,0,TRUE,Didn't Try,Didn't Try,TRUE,,"专住
注专 转-转驻住  专专",2018-03-05 16:45:29,f10773913ada259c84b83af1ff1c6b89
 砖专,4590,QM37,TRUE,FALSE,0,0,0,0,Pyramid,0,0,0,0,2,0,TRUE,Didn't Try,Didn't Try,FALSE,"  , 住 砖 专  转 砖 switch scale",,2018-03-06 6:25:25,0086fd7a5b6ae2fc4ce148c87b967687
Stav Eyal,4590,QM5,TRUE,FALSE,0,0,0,0,Ground,3,2,0,0,0,0,FALSE,Didn't Try,Didn't Try,FALSE,,"驻专 转驻专拽
驻 驻  爪注 砖拽 ",2018-03-05 12:15:44,c17bf206894c777d1afcea41b11a9503
住专 住驻,4590,QM43,TRUE,FALSE,0,0,0,0,Pyramid,0,0,0,0,1,0,TRUE,Failed,Didn't Try,FALSE,,砖转注 爪注 砖拽,2018-03-06 7:21:22,389223e2a6b88df2e56a9f51cb91f393
 ,4590,QM48,TRUE,FALSE,0,0,0,0,Ground,0,0,0,0,0,0,FALSE,Didn't Try,Didn't Try,TRUE,砖拽注 转  砖拽  注 转拽转 住拽,驻专 驻 转砖转 注 专 拽 拽 驻,2018-03-06 8:04:19,fc089ba7df4cd845da430c5536df1b6f
Nir,4590,QM53,TRUE,FALSE,0,0,0,0,Ground,0,1,0,0,0,0,TRUE,Didn't Try,Didn't Try,TRUE,,Opponent null zone techfoul,2018-03-06 8:44:47,ce3b5789ef3816e3988857c8216761f0
 砖专,4590,QM59,TRUE,FALSE,0,0,0,0,Pyramid,1,0,0,0,0,0,FALSE,Didn't Try,Didn't Try,TRUE,,"TF- 注 专 专转 砖 专  砖.
拽 专注 砖 砖转 转 砖拽 转转拽 驻 爪专 专 驻住拽 .",2018-03-06 9:38:39,7708872d5d276e447410446304a8efbe
 ,4590,QF 2,TRUE,FALSE,0,0,0,0,Ground,1,1,0,0,0,0,TRUE,Didn't Try,Didn't Try,FALSE,,住转 住祝 砖,2018-03-06 12:36:49,35b4967b42fc08243b7418bc2571b44e
 砖,4649,PM1,FALSE,FALSE,0,0,0,0,Ground,0,0,0,0,0,0,FALSE,Didn't Try,Didn't Try,FALSE,"爪注  5 砖转
砖专   专专 砖 专  住","专 专
注专  专专 砖 专 驻注
专住 转拽注 专
注 爪注 注专 转 砖注 转驻住  砖 
专
 住 住祝 拽转",2018-03-05 8:53:50,15b6783dd538259fa7a3eab1f11832ae
住专 住驻,4649,QM11,FALSE,FALSE,0,1,0,0,Ground,0,0,0,0,0,0,FALSE,Didn't Try,Didn't Try,TRUE,,"拽砖 ,  拽 拽转
拽 2 TF",2018-03-05 13:03:38,5c3609ceb0d2ce0209aed8d8aecfd209
 ,4649,QM15,TRUE,FALSE,0,0,0,0,Portal,0,0,0,0,0,0,FALSE,Didn't Try,Didn't Try,FALSE,,住 拽转 拽转 驻专住 专     爪 ,2018-03-05 13:50:10,170cb9e7f1a534076345e991f7bab359
Stav Eyal,4649,QM21,TRUE,FALSE,0,0,0,0,Ground,0,0,0,0,0,0,FALSE,Didn't Try,Didn't Try,FALSE,,  专 ,2018-03-05 15:08:58,73d9b5ba7021aed25b0455ecba490303
Saar Zelevski ,4649,QM27,FALSE,FALSE,0,0,0,0,Ground,0,1,0,0,0,0,TRUE,Didn't Try,Didn't Try,FALSE," 砖转 注 住抓 砖 专, 驻  爪 祝 转 专 专",  爪专 ?,2018-03-05 15:39:09,b032a798687cf380a9ed15faac437ee6
 ,4649,QM34,FALSE,FALSE,0,0,0,0,Ground,0,0,0,0,0,0,FALSE,Didn't Try,Didn't Try,TRUE,,拽 拽 驻,2018-03-05 16:53:40,1496d275428ff9df7f6042dce449ac3a
专 爪专,4649,QM4,TRUE,FALSE,0,0,0,0,Portal,0,0,0,0,0,0,TRUE,Didn't Try,Didn't Try,FALSE, ,"  住-   住注转  专  专,  爪 转拽 拽 驻专",2018-03-05 11:56:03,e3b3acbaaaabd02260af22e8c52d9996
专 爪专,4649,QM40,FALSE,FALSE,0,0,0,0,Portal,0,1,0,0,0,0,TRUE,Didn't Try,Didn't Try,FALSE,," 爪 住祝 拽转

注 专 转 专转 注转 驻驻专, 专 砖  住驻拽 驻住",2018-03-06 6:57:44,3bdc6283c21e235e98302e8cc10ddcde
Saar ,4649,QM50,TRUE,FALSE,0,0,0,0,Portal,1,1,0,0,0,0,FALSE,Didn't Try,Didn't Try,FALSE,, 转  专砖?,2018-03-06 8:17:43,826ab539d560b2fdb56cdb0152bb0c04
Saar Zelevski ,4649,QM53,TRUE,FALSE,0,0,0,0,Portal,0,1,0,0,0,0,TRUE,Didn't Try,Didn't Try,FALSE,,,2018-03-06 8:45:43,e1c726498c2e2ba5080a4796f742e1e7
注 专 专,4757,Pm 2,FALSE,FALSE,0,0,0,0,Ground,0,0,0,0,0,0,FALSE,Didn't Try,Didn't Try,FALSE, 注 砖拽,专  注 砖拽,2018-03-05 9:17:20,07687de25cf4846b85ca2f5831f6e985
住转,4757,QM36,FALSE,FALSE,0,0,0,0,Portal,2,0,0,0,0,0,TRUE,Didn't Try,Didn't Try,FALSE,,"转拽砖 住祝.
转转拽 砖专砖专转  转拽注  拽",2018-03-05 17:16:56,0610bd550f99ac0023906dcda7fc60ff
注 转,4757,QM 10,FALSE,FALSE,0,0,0,0,Portal,0,0,0,0,0,0,FALSE,Didn't Try,Didn't Try,FALSE,, 爪 住祝 拽转,2018-03-05 12:56:05,db5ec2e14d41a241763377033ef3a47b
 ,4757,QM1,FALSE,FALSE,0,0,0,0,Portal,0,0,0,0,0,0,FALSE,Didn't Try,Didn't Try,FALSE,,专  注,2018-03-05 11:22:36,25249b81e1c11254ddd907ee5fc660af
Stav Eyal,4757,QM16,FALSE,FALSE,0,0,0,0,Ground,0,0,0,0,0,0,FALSE,Didn't Try,Didn't Try,FALSE,,专  ,2018-03-05 14:17:14,2fe6503a4c60232a4555eed1d0dc69bb
 ,4757,QM19,FALSE,FALSE,0,0,0,0,Portal,3,0,0,0,0,0,TRUE,Didn't Try,Didn't Try,FALSE,,,2018-03-05 14:25:40,179aae4ba19c05862fca207a6335959c
注 专 专,4757,QM24,FALSE,FALSE,0,0,0,0,Portal,0,0,0,0,0,0,FALSE,Didn't Try,Didn't Try,FALSE,  驻专 砖 专,"  
拽  砖 拽转 驻专 驻 砖拽",2018-03-05 15:14:39,8e2cb2ea9088c869ab805a65876c8cb0
住专 住驻,4757,QM34,FALSE,FALSE,0,0,0,0,Ground,0,0,0,0,0,0,FALSE,Didn't Try,Didn't Try,FALSE,,"  auto
拽砖   专",2018-03-05 16:53:24,85ad8680552b46346e2c6d65d596d5b7
Saar Zelevski ,4757,QM41,FALSE,FALSE,0,0,0,0,Ground,0,1,0,0,0,0,FALSE,Didn't Try,Didn't Try,FALSE,,专,2018-03-06 7:05:07,b217a341c5975349e4cae1072a946bcb
Saar Zelevski ,4757,QM49,FALSE,FALSE,0,0,0,0,Portal,2,2,0,0,0,0,TRUE,Didn't Try,Didn't Try,FALSE,,,2018-03-06 8:11:07,fbf190ff7d7d4a7f2260a271f387895e
Tal Shemer,4757,QM52,FALSE,FALSE,0,0,0,0,Pyramid,1,0,0,0,0,0,FALSE,Didn't Try,Didn't Try,FALSE,,驻住拽 转驻拽 爪注 砖拽,2018-03-06 8:43:46,2808ddc86db0c86c04dca87d20c38bc3
专 爪专,4757,QM59,FALSE,FALSE,0,0,0,0,Portal,0,0,0,0,0,0,FALSE,Didn't Try,Didn't Try,FALSE, ,"驻住拽  砖 40 砖转
住注 砖
驻住拽  注 住祝 砖拽",2018-03-06 9:37:15,919ad8219e1466a66ca0a7900b4de91a
Saar Zelevski ,5038,PM1,FALSE,FALSE,0,0,0,0,Ground,0,0,0,0,0,0,FALSE,Didn't Try,Didn't Try,TRUE,,"专  注 专 砖拽, 砖 注  祝 拽 砖砖 注 转   住专",2018-03-05 8:50:46,3b07926497c2a998bce7243c7ebc43af
专,5038,QM30,TRUE,FALSE,0,0,0,0,Ground,2,0,0,0,0,0,TRUE,Didn't Try,Didn't Try,FALSE,,  专注 专砖 砖 砖拽,2018-03-05 17:19:21,9c84d7f6d9b2c48b91351cd3839ddd92
专,5038,QM40,TRUE,FALSE,0,0,0,0,"Ground, Pyramid",1,0,0,0,0,0,TRUE,Failed,Didn't Try,FALSE,,  砖注 砖转 住 注 10 砖转 住,2018-03-06 6:54:37,055397071fbc2dcd63dc46763f44b8ac
注,5038,QM 48,FALSE,FALSE,0,0,0,0,Ground,0,0,0,0,0,0,FALSE,Didn't Try,Didn't Try,FALSE, , ,2018-03-06 8:01:58,a719ad338a9c3eac549e06ab030908be
Stav Eyal,5038,QM13,TRUE,FALSE,0,0,0,0,"Ground, Pyramid",2,1,1,1,0,0,TRUE,Didn't Try,Didn't Try,FALSE,,,2018-03-05 13:48:44,0cf514838227faf152233b226c63e1e6
Saar Zelevski ,5038,QM20,TRUE,FALSE,0,0,0,0,Ground,0,0,3,1,0,0,TRUE,Didn't Try,Didn't Try,FALSE,,注注,2018-03-05 14:35:06,e8a3db35973c885339079306062713b5
Stav Eyal,5038,QM23,TRUE,FALSE,0,0,0,0,Ground,0,0,0,0,0,0,FALSE,Didn't Try,Didn't Try,TRUE,,"驻专 驻
转砖 专 null territory",2018-03-05 15:29:44,6cdff24055852b4718270fcb8a5742a1
Stav Eyal,5038,QM25,TRUE,FALSE,0,0,0,0,Ground,0,0,2,0,0,0,FALSE,Didn't Try,Didn't Try,FALSE,,转拽砖 住祝,2018-03-05 15:36:45,746fd5551572d72eca4650c4a512deb9
 砖,5038,QM3,TRUE,FALSE,0,1,0,0,"Ground, Pyramid",0,0,0,0,1,0,FALSE,Didn't Try,Didn't Try,FALSE, 注砖 ,  20 砖转 专转,2018-03-05 11:40:13,979a3372ffb824242b7d39efe7eb1879
 ,5038,QM46,FALSE,FALSE,0,1,0,0,"Ground, Pyramid",2,0,1,1,0,0,TRUE,Failed,Didn't Try,FALSE,,转转 砖拽    砖 拽转,2018-03-06 7:47:24,5866ed971c1d0c82a728a2a665a85803
 ,5038,QM52,TRUE,FALSE,0,0,0,0,"Ground, Pyramid",0,0,3,0,0,0,TRUE,Failed,Didn't Try,FALSE,,注转 住祝 ,2018-03-06 8:37:19,1174ffc5374a3b393ee30e3645954867
住专 住驻,5038,QM58,TRUE,FALSE,0,0,0,0,Pyramid,0,0,1,0,2,1,FALSE,Didn't Try,Didn't Try,FALSE,,驻住拽 注 40 砖转 专转,2018-03-06 9:27:35,c1799e2dfd6e6784a2b8ce310be91cb4
 砖专,5038,QM7,TRUE,FALSE,0,0,0,0,Pyramid,1,0,0,0,1,1,FALSE,Didn't Try,Didn't Try,FALSE,,注专 转 ( TF( 注 驻转 驻专.,2018-03-05 12:27:34,89571d1ad800922111233f118010aa46
Stav Eyal,5038,QF1,FALSE,FALSE,0,0,0,0,Ground,2,0,2,1,0,0,FALSE,Didn't Try,Didn't Try,TRUE,,,2018-03-06 12:27:54,eae87280f0b9dd30d5c19ce40608e483
Stav Eyal,5038,QF5,TRUE,FALSE,1,0,0,0,Ground,0,0,0,2,0,0,TRUE,Didn't Try,Didn't Try,FALSE,,,2018-03-06 12:57:05,14c0557c8c87d569a661f2a436195f83
专 爪专,5291,Pm4,TRUE,FALSE,0,0,0,0,"Ground, Pyramid",2,0,3,0,0,0,TRUE,Failed,Didn't Try,FALSE, ,"注砖 专 驻 驻转 拽转

拽    转拽 砖 驻住

 驻 祝 拽 ",2018-03-05 9:51:35,770f79884605bdb9364fc202d947fa49
注 转,5291,QM 15,TRUE,FALSE,0,1,0,0,"Pyramid, Ground",1,0,2,2,0,0,TRUE,Successful,Didn't Try,FALSE,,,2018-03-05 13:48:57,1bce1d0e075836485118713dec8c0890
 砖,5291,QM2,TRUE,FALSE,0,0,0,0,"Ground, Pyramid",1,0,4,0,1,0,FALSE,Didn't Try,Didn't Try,FALSE, 注砖 ,转注 注 住转 砖 住祝 拽转,2018-03-05 11:33:00,cd2c5695b46a072087281e6e53d95f4d
Ofir Shmuel,5291,QM22,TRUE,FALSE,0,1,0,0,Ground,3,0,4,1,0,0,TRUE,Didn't Try,Didn't Try,FALSE,,转拽砖 住祝 驻注,2018-03-05 15:14:31,17d3de84c90e69bec029496806f94394
注 专 专,5291,QM27,TRUE,FALSE,1,0,0,0,"Ground, Pyramid",0,0,1,1,0,0,TRUE,Didn't Try,Didn't Try,FALSE, ,爪专 拽专  住祝 拽转 ,2018-03-05 15:39:33,737cb25c7da62d1d88dfe119127fc9ce
 ,5291,QM30,TRUE,FALSE,1,0,0,0,Pyramid,1,0,3,0,0,0,TRUE,Successful,Didn't Try,FALSE,,注 住拽 驻注 2 驻 ,2018-03-05 16:19:35,d59462295c683b3ad3fc84e7f9230a02
Stav Eyal,5291,QM6,TRUE,FALSE,0,0,0,0,Ground,0,0,0,0,0,0,FALSE,Didn't Try,Didn't Try,FALSE,,驻住拽  专 ,2018-03-05 12:20:15,7987c4ce6ef03f46ca2ac5e8931d07af
Stav Eyal,5291,QM7,TRUE,FALSE,0,0,0,0,Pyramid,4,0,3,0,0,0,TRUE,Failed,Didn't Try,FALSE,专 砖住 砖 转 scales 砖拽  ,,2018-03-05 12:29:21,84947e048ebb0a4149fd0ce1a62656d4
 砖专,5291,QM38,TRUE,FALSE,0,0,0,1,"Ground, Pyramid",2,1,1,0,5,1,TRUE,Didn't Try,Didn't Try,FALSE,,注砖 专 抓 转 转 switch 砖 专转 砖 爪 砖,2018-03-06 6:37:43,bd2cc0310162fd872aa6f72d11c0f6e8
Saar Zelevski ,5291,QM42,TRUE,FALSE,0,1,0,0,"Ground, Pyramid",3,0,1,0,0,0,FALSE,Didn't Try,Didn't Try,FALSE,,转转拽  驻住  专 转,2018-03-06 7:12:37,8f42480e728155d0f092da49a3be34e1
Saar Zelevski ,5291,QM51,TRUE,FALSE,0,0,0,1,Ground,0,0,3,1,0,0,TRUE,Didn't Try,Didn't Try,FALSE,,,2018-03-06 8:26:25,f8d89ed9e929cea35154f43db375dbc8
Nir,5291,QM59,TRUE,FALSE,0,0,0,1,Ground,0,0,0,0,4,1,TRUE,Failed,Didn't Try,FALSE,,,2018-03-06 9:35:26,f81fc958bb8bcbb7891006afcd927163
 砖,5291,QF2,TRUE,FALSE,0,0,0,0,Ground,0,0,1,0,1,0,FALSE,Didn't Try,Didn't Try,FALSE,,"驻 拽 抓 专砖 
拽砖 爪 住祝 拽转",2018-03-06 12:34:09,35d55eda0319f8843cd6285f6f00dd61
住专 住驻,5291,QF6,TRUE,FALSE,0,0,1,0,"Ground, Pyramid",0,0,4,2,1,0,TRUE,Didn't Try,Didn't Try,FALSE,,,2018-03-06 13:04:47,0e47117f5510f3309c04c25cb325c54d
 砖,5291,QF6,TRUE,FALSE,0,0,1,0,Ground,0,0,3,2,1,0,TRUE,Didn't Try,Didn't Try,FALSE,,驻 拽转 住拽 砖转拽 拽转 住驻转,2018-03-06 13:04:56,cfc52db6ef06ca976938d684de203355
 砖,5291,QF10,TRUE,FALSE,0,0,0,1,Ground,0,0,1,0,2,0,TRUE,Didn't Try,Didn't Try,FALSE,,转注 注 10 砖转 注 住 拽 住驻转 (拽住爪'') ,2018-03-06 13:28:49,c2ff86e9bca3ec8b7436e428058033ba
 ,5636,Pm1,TRUE,FALSE,0,0,0,0,"Ground, Pyramid",2,1,0,0,1,0,TRUE,Didn't Try,Didn't Try,FALSE,转拽转 注 专 ,砖转专专  驻住  砖拽 砖转拽 专,2018-03-05 8:52:44,0cd8aac83d77a47a947f0b0b1c4bc2ee
 砖专,5636,QM15,FALSE,FALSE,0,0,0,0,Pyramid,0,0,0,0,0,0,FALSE,Didn't Try,Didn't Try,FALSE,,,2018-03-05 13:51:23,0a5166abdd868a3007b295d31da1c73f
Stav Eyal,5636,QM18,TRUE,FALSE,0,0,0,0,"Ground, Pyramid",1,2,0,0,2,0,FALSE,Didn't Try,Didn't Try,FALSE,,,2018-03-05 14:38:16,ba945a22d0d75d167e6daf00218c1e1b
Saar Zelevski ,5636,QM25,TRUE,FALSE,0,0,0,0,"Ground, Pyramid",0,0,0,0,4,0,FALSE,Failed,Didn't Try,FALSE,,"砖专  住祝, 注专转 驻住 专注 转专 注 ",2018-03-05 15:14:46,b78b9bf0ba64a0b61bfd00cabbdf25d2
Saar Zelevski ,5636,QM34,TRUE,FALSE,0,0,0,8,"Ground, Pyramid",1,0,0,0,3,0,TRUE,Failed,Didn't Try,FALSE,,专  住 注砖转 住抓 ,2018-03-05 16:53:17,b47c77a32fb5e0b8fca52f9f47c4ed34
专 爪专,5636,QM5,TRUE,FALSE,0,0,0,0,Ground,0,0,0,0,0,0,TRUE,Didn't Try,Didn't Try,TRUE,注 专 注 住拽,注砖 3 TF 转 10 砖转 注专,2018-03-05 12:08:33,5fdffd6b3ca5b8d6c556e64696ac64df
注 转,5636,QM9,TRUE,FALSE,0,0,0,0,Pyramid,0,0,0,0,1,0,TRUE,Failed,Didn't Try,FALSE,住 专 15 砖转,,2018-03-05 12:45:51,1536db07d4186dd86c0e332db5ea07a0
专 爪专,5636,QM39,TRUE,FALSE,0,0,0,0,Ground,0,0,0,0,0,0,FALSE,Didn't Try,Didn't Try,TRUE,住  拽 注专转 注  注 砖,"2 驻 专

3 tf

 住 驻 拽转 拽 砖 拽",2018-03-06 6:55:18,3f31fdb4e4c506136368164f2ccad8ec
 砖,5636,QM44,TRUE,FALSE,0,0,0,0,Ground,0,0,0,0,5,1,FALSE,Didn't Try,Didn't Try,FALSE, ," 住祝 拽转, 专拽 专专",2018-03-06 7:31:41,563e720bcb296c55a12407b27eb34057
 砖,5636,QM47,TRUE,FALSE,0,0,0,0,"Ground, Pyramid",0,0,0,0,3,0,TRUE,Didn't Try,Didn't Try,FALSE, ,,2018-03-06 7:53:08,824ed742365dd292a18df71f72ce69dc
Nir,5636,QM57,TRUE,FALSE,0,0,0,0,"Ground, Pyramid",0,1,0,0,2,0,TRUE,Didn't Try,Didn't Try,FALSE,,,2018-03-06 9:18:55,531ce0374f865416889ccd86ef8a891e
  ,5928,Pm4,FALSE,FALSE,0,0,0,0,Ground,0,0,0,0,0,0,TRUE,Didn't Try,Didn't Try,FALSE,,"专  , 转 砖住祝 拽转  专转  转 砖",2018-03-05 9:46:23,cb87acb32a6968f9824aa5e402f2071c
Saar Zelevski ,5928,QM1,FALSE,FALSE,0,0,0,0,Ground,0,0,0,0,0,0,FALSE,Didn't Try,Didn't Try,FALSE,, 注,2018-03-05 11:19:36,6f1ad9cf3f3a31ecdec9447663d32481
 砖专,5928,QM13,TRUE,FALSE,0,0,0,0,"Pyramid, Ground",1,1,0,1,0,0,FALSE,Didn't Try,Didn't Try,FALSE,,注专 注  砖注专 爪 砖 专转 砖  ,2018-03-05 13:27:45,5157ab89f13f5d193be4f95234e2a111
专 爪专,5928,QM22,TRUE,FALSE,0,0,0,0,Ground,0,0,3,1,0,0,TRUE,Didn't Try,Didn't Try,FALSE, ,,2018-03-05 14:50:41,b502e8c80614a5a0a25bc601fab96701
Saar Zelevski ,5928,QM24,TRUE,FALSE,0,0,0,0,Ground,1,0,0,1,0,0,TRUE,Didn't Try,Didn't Try,FALSE,,"注 转驻
注",2018-03-05 15:07:08,8f05840eb0d06bc70f9d92ddc7faffa8
Saar Zelevski ,5928,QM32,TRUE,FALSE,0,0,0,0,Ground,2,1,2,0,0,0,TRUE,Didn't Try,Didn't Try,FALSE,,住驻 砖 专注,2018-03-05 16:37:17,948fdc0b02f1a85ced5b2d081b21e645
注 转,5928,QM6,FALSE,FALSE,0,0,0,0,"Ground, Pyramid",3,0,0,0,1,1,FALSE,Didn't Try,Didn't Try,FALSE,,  ,2018-03-05 12:17:23,944d63ce084eef9bcaa7e1839634a2c5
住专 住驻,5928,QM41,TRUE,FALSE,0,0,0,0,"Ground, Pyramid",2,0,3,1,0,0,FALSE,Didn't Try,Didn't Try,FALSE,,,2018-03-06 7:05:31,df1fd73f29f627cfda2798d7e3a922a9
Stav Eyal,5928,QM49,FALSE,FALSE,0,0,0,0,Ground,1,0,0,1,0,0,FALSE,Didn't Try,Didn't Try,FALSE,, 砖  拽,2018-03-06 8:18:29,b75507ffe3b736d11524853d2988422f
注 专 专,5928,QM 53,TRUE,FALSE,0,0,0,0,"Ground, Pyramid",0,2,0,0,0,0,FALSE,Didn't Try,Didn't Try,FALSE, ,,2018-03-06 8:46:12,6a9c7e06fd2dc5514dff8e5a353548f8
专 爪专,5951,QM60,FALSE,FALSE,0,0,0,0,"Pyramid, Ground",4,1,0,0,0,0,FALSE,Didn't Try,Didn't Try,FALSE, , 注砖  ,2018-03-06 9:44:50,f3e86264aa1d5c385ecff068d1a3f9c6
Stav Eyal,5951,PM1,FALSE,FALSE,0,0,0,0,Ground,0,0,0,0,0,0,FALSE,Didn't Try,Didn't Try,FALSE,,专  注 砖拽,2018-03-05 8:52:09,0fd8540b85acc7223343c5141083650e
注 专 专,5951,QM 3,TRUE,FALSE,0,0,0,0,"Ground, Pyramid",1,0,0,0,2,0,FALSE,Didn't Try,Didn't Try,FALSE, ,住  住拽   爪 砖专专 拽,2018-03-05 11:44:30,fc5246782a812049a7bf05744ddeb752
 砖专,5951,QM11,TRUE,FALSE,0,0,0,0,Ground,1,1,0,0,0,0,TRUE,Didn't Try,Didn't Try,TRUE,,转拽注 专  砖 专转 砖 专 ,2018-03-05 13:05:37,ed7f1aa12779ec5f511381706836a85b
Saar Zelevski ,5951,QM15,TRUE,FALSE,0,0,0,0,Ground,0,2,0,0,0,0,FALSE,Didn't Try,Didn't Try,TRUE,,"砖专驻  注, 爪转 专砖  拽专 转 拽 转, 砖转 转 注 注专转 专转",2018-03-05 13:49:21,626d52bb38af4befef22fd636e97e839
注 专 专,5951,QM22,TRUE,FALSE,0,0,0,0,"Ground, Pyramid",1,0,0,0,8,0,TRUE,Didn't Try,Didn't Try,FALSE, ,,2018-03-05 14:50:49,e87ee829e651d3ebae68d769919fe673
 砖,5951,QM24,TRUE,FALSE,0,1,0,0,"Ground, Pyramid",1,0,0,0,9,0,FALSE,Didn't Try,Didn't Try,FALSE, ,爪 转拽 ,2018-03-05 15:08:37,1c01f804bf02376cdb4a37dfdf857a37
 砖,5951,QM31,FALSE,FALSE,0,0,0,0,"Ground, Pyramid",1,0,0,0,9,0,FALSE,Didn't Try,Didn't Try,FALSE, , 注砖 ,2018-03-05 16:27:00,3ef225160e47367a9aca37d2994da005
 砖,5951,QM37,FALSE,FALSE,0,0,0,0,Ground,4,2,0,0,0,0,FALSE,Didn't Try,Didn't Try,FALSE, ," 注砖 
转拽 拽 住抓' 专",2018-03-06 6:24:29,2873ee03938a613219774ece80e9625a
 砖,5951,QM46,FALSE,FALSE,0,0,0,0,Ground,4,0,0,0,1,0,FALSE,Didn't Try,Didn't Try,FALSE,," 注砖 
转拽 拽 住抓' 专",2018-03-06 7:46:13,6eae693131dc5cd7c6f380dbf3be6265
专,5951,QM49,TRUE,FALSE,0,0,0,0,Ground,1,0,0,0,3,0,TRUE,Didn't Try,Didn't Try,FALSE,,,2018-03-06 8:11:14,6995611b45c89318b4f44ff3c46708a5
 砖专,5951,QM55,FALSE,FALSE,0,0,0,0,Pyramid,1,3,0,0,0,0,FALSE,Didn't Try,Didn't Try,FALSE,,转拽注 驻注  砖拽,2018-03-06 9:04:49,f08310930a2736adac3e48d607338014
 ,5951,Qf 1,TRUE,FALSE,0,0,0,0,Ground,1,1,0,0,0,0,FALSE,Didn't Try,Didn't Try,FALSE,,驻 拽转,2018-03-06 12:26:16,1659eb4becc90efe010611d776fc38ab
Enav ,5990,QM63,TRUE,FALSE,0,0,0,0,Ground,5,2,0,0,0,0,TRUE,Failed,Didn't Try,FALSE,,,2018-03-06 10:19:02,ea559888a168aa4ef657417ed0b6e0d9
 ,5990,Pm5,FALSE,FALSE,0,0,0,0,Ground,0,0,0,0,0,0,FALSE,Didn't Try,Didn't Try,FALSE,,"专  , 转 砖住祝 拽转  专转  驻砖专 砖",2018-03-05 10:07:45,dd424f4d04c2b267493505bae447373a
 ,5990,QM17,TRUE,FALSE,0,0,0,0,Ground,3,0,0,0,0,0,TRUE,Failed,Didn't Try,FALSE,拽 砖转 注 住抓' 专,专 注 驻住 注 专 专 祝   爪 ,2018-03-05 14:07:42,3395d0b50e12cf2007a0eb60dc7954f5
专 爪专,5990,QM20,TRUE,FALSE,0,0,0,0,"Portal, Ground, Pyramid",2,1,0,0,0,0,TRUE,Successful,Didn't Try,TRUE, ,注砖 3 tf ,2018-03-05 14:35:28,a3e860183c71d84febfa472282a92d1e
Saar Zelevski ,5990,QM26,TRUE,FALSE,0,0,0,0,"Ground, Portal",1,2,0,0,0,0,TRUE,Successful,Didn't Try,FALSE,,,2018-03-05 15:24:44,7385130fbd0d0c627c00e6a3806c82ae
Saar Zelevski ,5990,QM3,TRUE,FALSE,0,0,0,0,Ground,0,0,0,0,0,0,TRUE,Successful,Didn't Try,FALSE,爪注  爪转 注 住抓 砖 专 注 砖 ,转 ,2018-03-05 11:40:21,5f502ef085c52c47d88fc7155c2c7ec3
注 专 专,5990,QM33,TRUE,FALSE,0,0,0,0,Ground,3,0,0,0,0,0,FALSE,Didn't Try,Didn't Try,FALSE,,转拽注 转转 住拽 ( 转 ) 爪 砖拽,2018-03-05 16:53:14,b5d6c6a86ccc952d9fcfd810122686b2
住专 住驻,5990,QM36,TRUE,FALSE,0,0,0,0,Pyramid,1,1,0,0,3,0,TRUE,Failed,Didn't Try,FALSE,注爪专 爪注 注砖专 砖转,,2018-03-05 17:14:41,89ab0fcb6e87e8bf5cad65c2b7627276
Stav Eyal,5990,QM9,TRUE,FALSE,1,0,0,0,"Ground, Pyramid",0,0,2,1,1,0,TRUE,Failed,Didn't Try,FALSE,,转拽砖 注 exchange,2018-03-05 13:03:42,728adb91922299f79972bb83227ab574
Stav Eyal,5990,QM9,TRUE,FALSE,0,0,0,0,"Pyramid, Ground",2,1,0,0,0,0,TRUE,Failed,Didn't Try,FALSE,住 注砖转    爪 住祝 爪 砖 专, 拽  砖,2018-03-05 13:09:55,3a8c1477b3b09b71f543d44200a3ad95
专 爪专,5990,QM42,TRUE,FALSE,0,0,0,0,Portal,2,1,0,0,0,0,TRUE,Successful,Didn't Try,FALSE,, 拽专注转,2018-03-06 7:15:34,86754f2e80ae958ced0a5ad5c154e189
Stav Eyal,5990,QM49,FALSE,FALSE,0,0,0,0,Ground,1,0,0,0,3,0,TRUE,Didn't Try,Didn't Try,FALSE,砖 拽 switch 砖 专,,2018-03-06 8:21:25,fdf0af9e2433eb632e83689b4018d8c5
专 爪专,5990,QM57,TRUE,FALSE,0,0,0,0,Ground,6,1,0,0,0,0,TRUE,Successful,Didn't Try,FALSE,,住专 转 - 砖 拽转 住抓' 专 专转 砖  爪专 住拽  砖 专,2018-03-06 9:20:47,e04466a69b9e54e80d263b806aa5f5f0
专 爪专,5990,Qf1,FALSE,FALSE,0,0,0,0,Ground,1,0,0,0,0,0,TRUE,Failed,Didn't Try,FALSE,注 miscar 注 住拽 砖 5 砖转, 住驻 祝 拽,2018-03-06 12:25:33,1a42066394847939b296202ea7b69cd5
专 爪专,5990,Qf5,TRUE,FALSE,0,0,0,0,"Ground, Pyramid",0,0,0,0,9,0,FALSE,Didn't Try,Didn't Try,FALSE, , 专住 ,2018-03-06 12:56:32,2350cc93269a06d842eff61ea39bdb26
Stav Eyal,6049,PM4,FALSE,FALSE,0,0,0,0,Ground,0,0,0,0,0,0,FALSE,Didn't Try,Didn't Try,FALSE,,Didnt arrive to the match,2018-03-05 9:52:32,0abd602e5166f260aa06ad993a8e2d50
 砖专,6049,QM12,TRUE,FALSE,0,0,0,0,Ground,1,1,0,0,0,0,FALSE,Didn't Try,Didn't Try,TRUE,,注专 爪 砖 专转 砖  ,2018-03-05 13:14:12,f1e3ac29d608abc7b9c8d1faaf1bc1c4
Stav Eyal,6049,QM23,TRUE,FALSE,0,0,0,0,Ground,0,0,0,0,0,0,FALSE,Didn't Try,Didn't Try,TRUE,,"驻专 转驻专拽
转砖 专 null territory",2018-03-05 15:18:29,0af576c4038bc85a150e8d256cecd368
Saar Zelevski ,6049,QM28,FALSE,FALSE,0,0,0,0,Ground,0,0,0,0,0,0,FALSE,Didn't Try,Didn't Try,FALSE,, 专 住注?,2018-03-05 15:50:17,c0f1890fb2158d332b17363850b3db17
住专 住驻,6049,QM31,TRUE,FALSE,0,0,0,0,Ground,0,0,0,0,0,0,FALSE,Didn't Try,Didn't Try,FALSE,住 专  住 转 (  住 转) ," 爪,  住祝 拽转",2018-03-05 16:27:02,1af912a3f217f4e854183853801300f2
住专 住驻,6049,QM4,FALSE,FALSE,0,0,0,0,Pyramid,0,1,0,0,0,0,FALSE,Didn't Try,Didn't Try,FALSE,," 驻注 转
转,  爪 住祝 拽转",2018-03-05 11:53:47,25ef1efa3c34935c0e642a22f9109ed5
Saar Zelevski ,6049,QM8,FALSE,FALSE,0,0,0,0,Ground,0,0,0,0,0,0,FALSE,Didn't Try,Didn't Try,FALSE,," ,   专转  转, 砖专  驻专. 专  专注 砖专转 ,   转 砖拽 爪专 转  砖专 转 抓 - 转专 拽 转注转.",2018-03-05 12:35:40,b547df93856d57fd9792b3d3ae8ed1f1
专 爪专,6049,QM38,FALSE,FALSE,0,0,0,0,Ground,0,0,0,0,0,0,FALSE,Didn't Try,Didn't Try,FALSE,," 注 砖拽, 拽 专住 ",2018-03-06 6:39:41,061eee97d4feb0380843f84abd1e7133
 砖专,6049,QM40,TRUE,FALSE,0,0,0,0,Ground,0,0,0,0,0,0,FALSE,Didn't Try,Didn't Try,FALSE,注 注 专 专  注爪专 转.,转 转 砖拽 注 专住 爪.  住驻转 驻专 拽住  转驻拽,2018-03-06 6:57:23,b664703473e8d8b978b20dfc6dbf0e3d
 ,6049,QM49,FALSE,FALSE,0,0,0,0,Ground,0,0,0,0,0,0,FALSE,Didn't Try,Didn't Try,FALSE,,专  ,2018-03-06 8:11:05,7accb9490e644480010de46e7775f081
 砖,6104,PM6,TRUE,FALSE,0,0,0,0,"Ground, Pyramid",1,0,2,0,2,0,FALSE,Didn't Try,Didn't Try,FALSE, 注砖 , 注专转,2018-03-05 10:29:59,04da145596a6fe180eadb90be700a745
注 转,6104,QM 35,FALSE,FALSE,0,0,0,0,"Ground, Pyramid",0,0,1,0,6,0,TRUE,Successful,Didn't Try,FALSE,,,2018-03-05 17:02:41,0325801e8d35e177bb478b8a0625a9fd
Saar Zelevski ,6104,QM11,TRUE,FALSE,1,0,0,0,Ground,0,0,0,0,0,0,TRUE,Didn't Try,Didn't Try,FALSE,爪注   拽 爪 住转,,2018-03-05 13:02:16,17639743ca6ff8940789d7de04b80989
Saar Zelevski ,6104,QM19,TRUE,FALSE,1,0,0,0,"Ground, Pyramid",5,0,1,0,1,0,TRUE,Successful,Didn't Try,FALSE,,专 住,2018-03-05 14:24:55,6f28a58c3a2e807ca08080fee63fd89b
专 爪专 ,6104,QM25,TRUE,FALSE,1,0,0,0,"Ground, Pyramid",0,0,3,4,0,0,TRUE,Didn't Try,Didn't Try,FALSE,  , scale  拽,2018-03-05 15:17:06,2a15972ab6439f639fd0084cdb0e1fc4
住专 住驻,6104,QM29,FALSE,FALSE,0,0,0,0,Ground,0,0,0,0,0,0,FALSE,Didn't Try,Didn't Try,FALSE,, 爪 ,2018-03-05 16:09:55,651b89fffba32fc1b6eb86ff69d68fc9
 砖专,6104,QM6,TRUE,FALSE,1,0,0,0,"Ground, Pyramid",0,0,4,0,0,0,TRUE,Successful,Didn't Try,FALSE,,驻住 专 注 转 驻专 拽住 砖 专 注,2018-03-05 12:17:31,d6121cd8d528e85a2cab5a12eb8dabde
专 爪专,6104,QM45,TRUE,FALSE,1,0,0,0,Ground,1,0,4,1,0,0,TRUE,Successful,Didn't Try,FALSE, ,驻 专 ,2018-03-06 7:41:54,e4f8de4a20228b48a130020d45749a05
 ,6104,QM51,TRUE,FALSE,1,0,0,0,"Ground, Pyramid",1,0,1,1,7,0,TRUE,Successful,Didn't Try,FALSE,,"转   爪, 拽 驻 专",2018-03-06 8:26:41,b8ca7bcb17ce789fb8f29195d17541e0
专 爪专,6104,QM55,FALSE,FALSE,0,0,0,0,Ground,0,0,0,0,0,0,FALSE,Didn't Try,Didn't Try,FALSE,专  ,专  ,2018-03-06 9:02:19,243a8cffe6bc0e576fb20f431d190ec4
住专 住驻,6104,QF2,TRUE,FALSE,0,0,0,1,Pyramid,0,0,0,0,2,0,TRUE,Successful,Didn't Try,FALSE,,"拽 驻  转砖 住拽 auto
砖专 拽 专  砖专 驻住拽转 砖 30 砖转",2018-03-06 12:33:06,362c4f7e02bb3f0750fbf50ec6b79692
住专 住驻,6104,QF9,TRUE,FALSE,1,0,0,0,Pyramid,1,1,1,1,0,0,TRUE,Failed,Didn't Try,FALSE,,,2018-03-06 13:27:29,a8481d618e18d45d51b727e9ed225abc
 砖专,6149,QM17,TRUE,FALSE,0,0,0,0,Portal,0,0,0,0,0,0,FALSE,Didn't Try,Didn't Try,FALSE,,,2018-03-05 14:05:53,4331e37cd90026142ace3c1294f7ca51
 砖,6149,QM23,TRUE,FALSE,0,0,0,0,Ground,0,0,0,0,0,0,FALSE,Didn't Try,Didn't Try,FALSE, 注砖 ,"  专 砖拽
 砖  住 住祝 拽转",2018-03-05 14:59:49,9d284733b2a41b2ad78cc691eca8d4cd
 ,6149,QM28,TRUE,FALSE,0,0,0,0,Ground,0,0,0,0,0,0,FALSE,Didn't Try,Didn't Try,FALSE,,  抓 爪转 转   住注 拽爪转 驻,2018-03-05 15:48:24,9191e33c8c8ee7fc72440465596ac326
 砖,6149,QM34,TRUE,FALSE,0,0,0,0,Ground,0,0,0,0,0,0,FALSE,Didn't Try,Didn't Try,FALSE,, ,2018-03-05 16:53:55,cbc806be9482acb5ad5659cb57066129
Saar Zelevski ,6149,QM37,TRUE,FALSE,0,0,0,0,Ground,0,0,0,0,0,0,FALSE,Didn't Try,Didn't Try,FALSE, 住驻专 砖转 注 4590,"转拽注 驻专 砖 砖, 专爪转 转",2018-03-06 6:26:05,fcbf84a8433e8ae605e18b1807de4f5c
专 爪专,6149,QM8,FALSE,FALSE,0,0,0,0,Ground,0,0,0,0,0,0,FALSE,Didn't Try,Didn't Try,FALSE,, 注 砖拽,2018-03-05 12:37:17,f012fba3c09820a89d66375b0d2926a6
 砖,6149,QM43,FALSE,FALSE,0,0,0,0,Ground,0,0,0,0,0,1,FALSE,Didn't Try,Didn't Try,TRUE,砖拽注 转  砖拽 抓 20 砖转 专转  拽 2 转," 注砖 
拽 2 转 注  砖转驻住  ",2018-03-06 7:29:41,abdbcbf6be26ab91fc7cde3dd125125c
Stav Eyal,6149,QM46,TRUE,FALSE,0,0,0,0,Ground,0,0,0,0,0,0,FALSE,Didn't Try,Didn't Try,FALSE,,"驻住拽  专 
住 专砖  砖拽驻 ",2018-03-06 7:46:43,58a8b2b5372f39e304fd39c1ca4dcde8
Saar Zelevski ,6149,QM54,TRUE,FALSE,1,0,0,0,Pyramid,0,0,0,0,0,0,FALSE,Didn't Try,Didn't Try,TRUE,,"专专 转  驻专 砖 专, 注 专 ",2018-03-06 8:51:17,5f4361872f82d0e8706cca228c48e813
专,6168, QM37,TRUE,FALSE,0,0,0,0,Ground,1,1,0,0,0,0,TRUE,Didn't Try,Didn't Try,FALSE,"住 专 专 注专  
Switch
砖 6168",,2018-03-06 6:25:52,2b577e5eb61708deec0edaddb806e06a
 砖,6168,PM4,TRUE,FALSE,1,0,0,0,"Pyramid, Ground",0,0,0,2,1,0,FALSE,Didn't Try,Didn't Try,FALSE, 注砖 ,"拽 10-5 砖转 住祝 拽转
拽转 拽转 驻转 专",2018-03-05 9:50:27,c7d1d3c0d28ed8a9348bd80f1e096d82
专,6168,QM32,TRUE,FALSE,0,0,0,0,Ground,1,0,0,0,1,0,TRUE,Didn't Try,Didn't Try,FALSE,,注  爪 住祝 专爪驻,2018-03-05 16:54:57,e547e2bf0cd605a3931867cb376bc6aa
注,6168,QM16,TRUE,FALSE,0,0,0,0,"Ground, Pyramid",1,2,0,0,0,0,TRUE,Didn't Try,Didn't Try,FALSE, , 爪 转驻住 拽转 ,2018-03-05 13:57:12,d7a679cb438b3a8611b91e89ef9a15c1
 ,6168,QM2,FALSE,FALSE,0,0,0,0,Ground,0,0,0,0,0,0,TRUE,Didn't Try,Didn't Try,FALSE,, 爪 住祝 专爪驻  住 (专拽  驻砖专 砖 驻住),2018-03-05 11:30:53,601d4845b6ed2dbdef7efe0639a69392
专 爪专,6168,QM21,TRUE,FALSE,0,0,0,0,"Ground, Pyramid",2,0,0,0,0,0,TRUE,Didn't Try,Didn't Try,FALSE,,  转驻住转 拽转 ,2018-03-05 14:45:28,bcc389d73f3c22435836589173a03af3
住专 住驻,6168,QM25,TRUE,FALSE,0,0,0,0,Ground,1,2,0,1,0,0,FALSE,Didn't Try,Didn't Try,FALSE,,转拽砖 注 拽转,2018-03-05 15:16:50,3f5b96de69bbb025f3f4f3ce6a38fbc9
住专 住驻,6168,QM8,TRUE,FALSE,0,0,0,0,Ground,0,0,0,1,0,0,TRUE,Didn't Try,Didn't Try,FALSE,, 爪 专 拽转,2018-03-05 12:35:59,f2ab79dfeddf6823a474c3237f3e9dbd
专,6168,QM45,TRUE,FALSE,0,0,0,0,Ground,0,0,0,0,5,0,FALSE,Didn't Try,Didn't Try,FALSE,,,2018-03-06 7:38:13,35d0b1196784a66f14281dc47fc96f24
Stav Eyal,6168,QM51,TRUE,FALSE,0,0,0,0,"Ground, Pyramid",0,0,1,1,1,0,FALSE,Didn't Try,Didn't Try,FALSE,,,2018-03-06 8:34:21,2e5694dc2d8eac048639636938191973
住专 住驻,6168,QM57,TRUE,FALSE,0,0,0,0,Pyramid,3,1,0,0,0,0,TRUE,Didn't Try,Didn't Try,FALSE,,,2018-03-06 9:19:37,0f1a3a75af961981eec26695e6a8b747
Stav Eyal,6738,PM2,FALSE,FALSE,0,1,0,0,Ground,1,0,0,1,0,0,FALSE,Didn't Try,Didn't Try,TRUE,,"Overshoots the plate and hits the scales arm
Very slow collection",2018-03-05 9:18:53,bdfe51a0032db47f664178a132e75065
Saar Zelevski ,6738,QM10,TRUE,FALSE,0,0,0,0,"Ground, Portal",1,0,0,0,0,0,FALSE,Didn't Try,Didn't Try,FALSE,爪注  砖转 注 专 砖 转驻拽 - 住,,2018-03-05 12:54:54,4dc8919c5bef5a9892bc057c294a1fe2
 ,6738,QM14,TRUE,FALSE,0,0,0,0,Pyramid,1,0,0,0,0,1,TRUE,Didn't Try,Didn't Try,FALSE,,"驻  注专 拽 爪 , 拽砖 住祝 ",2018-03-05 13:39:20,7dd8000f3a98e80ed12bd75c096920df
住专 住驻,6738,QM22,TRUE,FALSE,0,0,0,0,Pyramid,0,1,0,0,0,0,FALSE,Didn't Try,Didn't Try,FALSE, 爪 住 , 爪 住祝 拽转,2018-03-05 14:51:27,7dfaa6719e40d471df790162e295aaf7
住专 住驻,6738,QM28,TRUE,FALSE,0,0,0,0,Pyramid,1,0,0,0,4,0,FALSE,Didn't Try,Didn't Try,FALSE,,转,2018-03-05 15:47:12,6efa37715e87d712e4e7b18442eb6045
Saar Zelevski ,6738,QM30,TRUE,FALSE,0,0,0,0,Ground,2,0,0,0,0,0,TRUE,Didn't Try,Didn't Try,FALSE,注砖   拽爪专,"砖专  住祝, 专 专注",2018-03-05 16:18:18,c09307a8b7ee6e7b60b1fca6b8766021
住专 住驻,6738,QM6,FALSE,FALSE,0,0,0,0,Ground,0,0,0,0,0,0,FALSE,Didn't Try,Didn't Try,FALSE,住 砖 住 专 专, 爪 . 注砖 拽转 专拽 拽爪 专 (爪注转 驻) ,2018-03-05 12:19:05,79e1e97afa9b6c0e119eccb0ff1cd53e
 砖,6738,QM40,TRUE,FALSE,0,0,0,0,Ground,0,0,0,0,0,0,FALSE,Didn't Try,Didn't Try,FALSE, ,"  注专 拽爪转 住注 注 住 专 转 注转
拽砖 专转 注转",2018-03-06 6:56:34,ed1a28e488de282fed8a7165c1b7036a
专 爪专,6738,QM44,TRUE,FALSE,0,0,0,0,"Ground, Pyramid",0,0,0,0,2,0,TRUE,Didn't Try,Didn't Try,FALSE, , 住祝  注 专 ,2018-03-06 7:32:39,85f8f479ee126b959330307624954c53
Nir,6738,QM50,TRUE,FALSE,0,0,0,0,Ground,1,0,0,0,0,0,TRUE,Didn't Try,Didn't Try,FALSE,,转拽注 转 拽 转转 砖拽    住祝 注,2018-03-06 8:18:23,645be97972a6dd5c61be16aa48d83e46
Stav Eyal,6738,QM57,TRUE,FALSE,0,0,0,0,Ground,1,0,0,0,4,0,FALSE,Didn't Try,Didn't Try,FALSE,,,2018-03-06 9:20:48,cd750c3426b83aaf4e7f153a5489ca44
注 专 专,6741,QM 51,TRUE,FALSE,0,0,0,0,"Pyramid, Ground",1,0,0,0,3,0,TRUE,Didn't Try,Didn't Try,FALSE, ,,2018-03-06 8:27:30,0c362e5ef591b305c49bfd544a9326e7
Saar Zelevski ,6741,PM3,TRUE,FALSE,0,0,0,0,"Ground, Pyramid, Portal",6,0,0,0,1,0,TRUE,Didn't Try,Didn't Try,FALSE,,住祝  砖,2018-03-05 9:29:52,a077cad729a1c053aff698f181e62037
注,6741,QM 15,TRUE,FALSE,0,0,0,0,"Ground, Pyramid",1,0,0,0,3,1,FALSE,Didn't Try,Didn't Try,TRUE, , 爪 驻住 注 驻驻专  砖砖专 ,2018-03-05 13:51:42,74a575ddc790fef0a9e09507c1fc9810
 砖,6741,QM17,TRUE,FALSE,0,0,0,0,Ground,3,1,0,0,0,0,FALSE,Didn't Try,Didn't Try,FALSE, ,"转拽 住抓'  
转注 5 砖转 注 住祝 拽转  驻注",2018-03-05 14:26:51,a3ee39adb21242d40420adf2c4522d95
住专 住驻,6741,QM23,TRUE,FALSE,0,0,0,0,Pyramid,1,0,0,0,4,1,FALSE,Didn't Try,Didn't Try,FALSE,,,2018-03-05 14:59:05,d2cf792ddb443f5f35578d2bce78659a
 砖,6741,QM32,TRUE,FALSE,1,0,0,0,"Pyramid, Ground",0,0,0,0,5,1,TRUE,Didn't Try,Didn't Try,FALSE,,,2018-03-05 16:38:16,d5327f6af18a1ac1f84bf54de651d19f
 砖,6741,QM36,TRUE,FALSE,0,0,0,0,Ground,0,0,0,0,5,1,TRUE,Didn't Try,Didn't Try,FALSE,,,2018-03-05 17:15:47,ddbac16f4a2bcefc5a18ad6d66e7c2a8
Saar Zelevski ,6741,QM5,FALSE,FALSE,0,0,0,0,"Ground, Pyramid",2,3,0,0,3,0,TRUE,Didn't Try,Didn't Try,FALSE,,住祝  爪,2018-03-05 12:04:36,37bb85a544a7388b6eb7eb2f13cf626b
专 爪专,6741,QM9,FALSE,FALSE,0,0,0,0,"Ground, Pyramid",0,0,0,0,9,0,FALSE,Didn't Try,Didn't Try,FALSE, ,,2018-03-05 12:46:52,9e40c06ecd3dac99793fe570ef916254
Saar Zelevski ,6741,QM40,TRUE,FALSE,0,0,0,0,Ground,0,0,0,0,0,0,FALSE,Didn't Try,Didn't Try,FALSE,,"专  专  注, 砖  专转 砖专 注",2018-03-06 6:55:14,0300d470ff0ddc08c29c7a674e152462
专 爪专,6741,QM56,TRUE,FALSE,0,0,0,0,"Ground, Pyramid",0,0,0,0,4,1,FALSE,Didn't Try,Didn't Try,FALSE, ," 注注

 住 注转 注 驻驻专, 2230 注驻 转 转 ",2018-03-06 9:17:24,0acd9e50fbe344b61861efc1c2d95e0f
住专 住驻,6741,QM60,TRUE,FALSE,0,0,0,0,Pyramid,3,0,0,0,2,0,TRUE,Didn't Try,Didn't Try,FALSE,,,2018-03-06 9:44:27,91a63367103977d6fbb2e4a6a31f9a43
Saar Zelevski ,6741,Qf1,FALSE,FALSE,0,0,0,0,Ground,0,0,0,0,0,0,FALSE,Didn't Try,Didn't Try,FALSE,, 注,2018-03-06 12:20:10,79fd68895a7f84f65e03fa0ced5cfdc1
Saar Zelevski ,6741,Qf5,TRUE,FALSE,0,0,0,0,Ground,0,0,0,0,0,0,FALSE,Didn't Try,Didn't Try,FALSE,爪注  注 5951,,2018-03-06 12:56:15,fca942b20970d32d69203b1ea4f24e09
专 爪专,7067,Pm2,TRUE,FALSE,0,0,0,0,Portal,1,1,0,0,0,0,FALSE,Didn't Try,Didn't Try,FALSE,,  住 专住,2018-03-05 9:16:47,b4a025949e7064fabd266a1a15c83e3a
注 转,7067,QM 30,TRUE,FALSE,0,0,0,0,"Ground, Pyramid",0,0,0,0,7,0,FALSE,Didn't Try,Didn't Try,FALSE,,,2018-03-05 16:18:36,aab32ebad4c2d4ab6a8801778f8b08c9
注 转,7067,QM 8,FALSE,FALSE,0,0,0,0,Ground,0,0,0,0,1,1,FALSE,Didn't Try,Didn't Try,FALSE,,驻 砖转 拽转 exchange    爪 转驻住 拽转,2018-03-05 12:36:57,dd0b5ec806a537e2298cc35e97d68b53
注 专 专,7067,QM17,TRUE,FALSE,0,0,0,0,"Ground, Pyramid",1,0,0,0,5,0,FALSE,Didn't Try,Didn't Try,FALSE, ,,2018-03-05 14:09:58,6dd7e95633c46afe33f5ef5178946a10
Stav Eyal,7067,QM19,TRUE,FALSE,1,0,0,0,Ground,0,0,0,0,3,0,FALSE,Didn't Try,Didn't Try,FALSE,,,2018-03-05 14:52:26,b1b10fcf403b074b440e97c04f336bd5
住专 住驻,7067,QM26,TRUE,FALSE,0,0,0,0,Pyramid,1,0,0,0,6,0,TRUE,Didn't Try,Didn't Try,FALSE,,,2018-03-05 15:25:57,a945663aff9ee98ba9485605794be96e
住专 住驻,7067,QM5,TRUE,FALSE,0,0,0,0,Pyramid,0,0,0,0,7,0,FALSE,Didn't Try,Didn't Try,FALSE,驻 专 砖住 转, 注专 转 住抓'  砖拽 (抓 auto(,2018-03-05 12:08:26,2bd5140afe397c4683608d66fd635796
专,7067,QM37,FALSE,FALSE,0,0,0,0,Ground,0,0,0,0,0,0,FALSE,Didn't Try,Didn't Try,FALSE,,   砖拽,2018-03-06 6:36:37,e534d8dd98fe5b68c08e35262bdf7cf4
 砖,7067,QM41,TRUE,FALSE,0,0,0,0,Ground,0,0,0,0,3,1,FALSE,Didn't Try,Didn't Try,FALSE, ,住转 注  驻住,2018-03-06 7:06:37,8b10d5b05c4812ec092ebc5f273f0208
Saar Zelevski ,7067,QM46,TRUE,FALSE,0,0,0,0,"Ground, Pyramid",1,0,0,0,8,0,TRUE,Didn't Try,Didn't Try,FALSE,, 注,2018-03-06 7:45:52,9cd04fc4b478f2511b66240686d1c286
注,7067,QM 52,TRUE,FALSE,0,0,0,0,"Ground, Pyramid",0,0,0,0,5,1,FALSE,Didn't Try,Didn't Try,FALSE, ,,2018-03-06 8:38:50,6922507923443f91b4591af8f254c38c
专 爪专,7067,Qf3,TRUE,FALSE,0,0,0,0,"Ground, Pyramid",0,0,0,0,6,0,FALSE,Didn't Try,Didn't Try,FALSE, ,专 住 注砖转 专拽 拽住爪'',2018-03-06 12:39:33,bd8ab272a79f39d1acde35791f0187d7
专 爪专,7067,Qf7,TRUE,FALSE,0,0,0,0,"Ground, Pyramid",0,0,0,0,7,0,TRUE,Didn't Try,Didn't Try,FALSE,,住 注砖转 专拽 拽住爪'',2018-03-06 13:11:25,3f0bd9f8a445ae3671bb0ec031712601
Saar Zelevski ,7112,PM5,FALSE,FALSE,0,0,0,0,Ground,0,0,0,0,0,0,FALSE,Didn't Try,Didn't Try,FALSE,,"注转 转拽砖专转,  ",2018-03-05 10:07:46,a2d99baaef4f031402ded7529e9c01e1
注 转,7112,QM 17,TRUE,FALSE,0,0,0,0,Ground,1,0,0,0,1,0,TRUE,Didn't Try,Didn't Try,FALSE,,,2018-03-05 14:06:28,cbd3a91df139b433d86bc638e6afb5db
注 专 专,7112,QM 21,FALSE,FALSE,0,0,0,0,Ground,0,0,0,0,0,0,FALSE,Didn't Try,Didn't Try,FALSE,,专  ,2018-03-05 14:45:25,9370aef30466aaba5bd55323f7c57d29
注 转,7112,QM 4,FALSE,FALSE,0,0,0,0,Ground,0,0,0,0,0,0,FALSE,Didn't Try,Didn't Try,FALSE, , ,2018-03-05 11:53:22,da0505128de79ea65c58b00506955765
住专 住驻,7112,QM24,TRUE,FALSE,0,0,0,0,Pyramid,2,0,0,0,1,1,TRUE,Didn't Try,Didn't Try,FALSE,,,2018-03-05 15:08:09,cf5aff1909879cce995f6072c36b36cc
 ,7112,QM33,TRUE,FALSE,0,0,0,0,Pyramid,0,0,0,0,2,0,FALSE,Didn't Try,Didn't Try,TRUE,,拽 驻 ,2018-03-05 16:46:10,8798f9f617d62afc6c5bfd14aa435b31
住专 住驻,7112,QM35,TRUE,FALSE,0,0,0,0,Ground,1,0,0,0,0,0,TRUE,Didn't Try,Didn't Try,TRUE,,住注 转专  auto,2018-03-05 17:02:28,e73207be81d5838ff92b82664acb6953
住专 住驻,7112,QM9,FALSE,FALSE,0,0,0,0,Pyramid,2,0,1,0,1,0,TRUE,Failed,Didn't Try,FALSE,,,2018-03-05 12:45:49,f99c166ddd79ac29ba68046cfc0eb4a8
Saar Zelevski ,7112,QM45,FALSE,FALSE,0,0,0,0,Pyramid,1,0,0,0,0,0,TRUE,Didn't Try,Didn't Try,FALSE,, 专 住祝,2018-03-06 7:40:06,f833ef1dd798400e19a1b6703b0ceffe
nir,7112,QM48,FALSE,FALSE,0,0,0,0,Ground,1,0,0,0,1,0,TRUE,Failed,Didn't Try,FALSE,,,2018-03-06 8:02:35,c3462a7721ddd6ee19bff9f66e44f016
注 ,7112,QM 54,FALSE,FALSE,0,0,0,0,"Ground, Pyramid",1,0,0,0,2,0,TRUE,Failed,Didn't Try,FALSE,,,2018-03-06 8:54:11,9980fd35bb7bf9646175f47dd2493a99
Nir,7112,QM60,TRUE,FALSE,0,0,0,0,Ground,0,0,0,0,2,1,TRUE,Failed,Didn't Try,FALSE,,,2018-03-06 9:43:01,72d54462069ae5713e5e13f7554fec75
专 爪专,7112,Qf4,TRUE,FALSE,0,0,0,0,Ground,1,0,0,0,0,0,TRUE,Didn't Try,Didn't Try,FALSE,注砖 注  注 拽爪转 专转 注  住拽,转拽 ,2018-03-06 12:47:58,25adbafef094383fcacfe10e93323dbe
专 爪专,7112,Qf8,TRUE,FALSE,0,0,0,0,Ground,1,0,0,0,0,0,TRUE,Successful,Didn't Try,FALSE, 专 住抓'  注 注专 住拽,注砖 专拽 ,2018-03-06 13:22:17,6c8fe16764a9c9145208a65a18c33d95
专 爪专,7112,Qf4,TRUE,FALSE,0,0,0,0,Ground,1,0,0,0,0,0,TRUE,Didn't Try,Didn't Try,TRUE,"转拽  专
注砖 TF","TF 1
F 1
转拽注 1657 砖 20 砖转 注专",2018-03-06 13:37:31,88e46cc353f3c7c5ae9ef934a3957803